{"v":"4.8.0","meta":{"g":"LottieFiles AE 3.5.2","a":"","k":"","d":"","tc":""},"fr":29.9700012207031,"ip":0,"op":74.0000030140818,"w":800,"h":979,"nm":"sips","ddd":0,"assets":[],"layers":[{"ddd":0,"ind":1,"ty":4,"nm":"Spark Outlines","sr":1,"ks":{"o":{"a":0,"k":100,"ix":11},"r":{"a":0,"k":11.894,"ix":10},"p":{"a":0,"k":[196.116,533.222,0],"ix":2},"a":{"a":0,"k":[7.947,7.947,0],"ix":1},"s":{"a":1,"k":[{"i":{"x":[0.576,0.576,0.576],"y":[1,1,1]},"o":{"x":[0.225,0.225,0.225],"y":[0,0,0]},"t":5,"s":[303,303,100]},{"i":{"x":[0.641,0.641,0.641],"y":[1,1,1]},"o":{"x":[0.299,0.299,0.299],"y":[0,0,0]},"t":11,"s":[366.63,366.63,100]},{"i":{"x":[0.704,0.704,0.704],"y":[1,1,1]},"o":{"x":[0.335,0.335,0.335],"y":[0,0,0]},"t":18,"s":[303,303,100]},{"i":{"x":[0.667,0.667,0.667],"y":[1,1,1]},"o":{"x":[0.333,0.333,0.333],"y":[0,0,0]},"t":34,"s":[303,303,100]},{"i":{"x":[0.667,0.667,0.667],"y":[1,1,1]},"o":{"x":[0.333,0.333,0.333],"y":[0,0,0]},"t":47,"s":[427.23,427.23,100]},{"t":63.0000025660426,"s":[303,303,100]}],"ix":6}},"ao":0,"shapes":[{"ty":"gr","it":[{"ind":0,"ty":"sh","ix":1,"ks":{"a":0,"k":{"i":[[0.173,0.488],[0,0],[0.438,-1.234],[0,0],[0.488,-0.174],[0,0],[-1.234,-0.438],[0,0],[-0.174,-0.488],[0,0],[-0.438,1.234],[0,0],[-0.488,0.173],[0,0],[1.234,0.438],[0,0]],"o":[[0,0],[-0.438,-1.234],[0,0],[-0.174,0.488],[0,0],[-1.234,0.438],[0,0],[0.488,0.173],[0,0],[0.438,1.234],[0,0],[0.173,-0.488],[0,0],[1.234,-0.438],[0,0],[-0.488,-0.174]],"v":[[1.887,-2.933],[1.311,-4.555],[-1.311,-4.555],[-1.887,-2.933],[-2.932,-1.887],[-4.555,-1.311],[-4.555,1.311],[-2.932,1.887],[-1.887,2.933],[-1.311,4.556],[1.311,4.556],[1.887,2.933],[2.932,1.887],[4.555,1.311],[4.555,-1.311],[2.932,-1.887]],"c":true},"ix":2},"nm":"Path 1","mn":"ADBE Vector Shape - Group","hd":false},{"ty":"st","c":{"a":0,"k":[0,0,0,1],"ix":3},"o":{"a":0,"k":100,"ix":4},"w":{"a":0,"k":2.158,"ix":5},"lc":1,"lj":1,"ml":4,"bm":0,"nm":"Stroke 1","mn":"ADBE Vector Graphic - Stroke","hd":false},{"ty":"tr","p":{"a":0,"k":[7.947,7.947],"ix":2},"a":{"a":0,"k":[0,0],"ix":1},"s":{"a":0,"k":[100,100],"ix":3},"r":{"a":0,"k":0,"ix":6},"o":{"a":0,"k":100,"ix":7},"sk":{"a":0,"k":0,"ix":4},"sa":{"a":0,"k":0,"ix":5},"nm":"Transform"}],"nm":"Group 1","np":2,"cix":2,"bm":0,"ix":1,"mn":"ADBE Vector Group","hd":false},{"ty":"gr","it":[{"ind":0,"ty":"sh","ix":1,"ks":{"a":0,"k":{"i":[[0.173,0.488],[0,0],[0.438,-1.234],[0,0],[0.488,-0.174],[0,0],[-1.234,-0.438],[0,0],[-0.174,-0.488],[0,0],[-0.438,1.234],[0,0],[-0.488,0.173],[0,0],[1.234,0.438],[0,0]],"o":[[0,0],[-0.438,-1.234],[0,0],[-0.174,0.488],[0,0],[-1.234,0.438],[0,0],[0.488,0.173],[0,0],[0.438,1.234],[0,0],[0.173,-0.488],[0,0],[1.234,-0.438],[0,0],[-0.488,-0.174]],"v":[[1.887,-2.933],[1.311,-4.555],[-1.311,-4.555],[-1.887,-2.933],[-2.932,-1.887],[-4.555,-1.311],[-4.555,1.311],[-2.932,1.887],[-1.887,2.933],[-1.311,4.556],[1.311,4.556],[1.887,2.933],[2.932,1.887],[4.555,1.311],[4.555,-1.311],[2.932,-1.887]],"c":true},"ix":2},"nm":"Path 1","mn":"ADBE Vector Shape - Group","hd":false},{"ty":"fl","c":{"a":0,"k":[1,1,1,1],"ix":4},"o":{"a":0,"k":100,"ix":5},"r":1,"bm":0,"nm":"Fill 1","mn":"ADBE Vector Graphic - Fill","hd":false},{"ty":"tr","p":{"a":0,"k":[7.947,7.947],"ix":2},"a":{"a":0,"k":[0,0],"ix":1},"s":{"a":0,"k":[100,100],"ix":3},"r":{"a":0,"k":0,"ix":6},"o":{"a":0,"k":100,"ix":7},"sk":{"a":0,"k":0,"ix":4},"sa":{"a":0,"k":0,"ix":5},"nm":"Transform"}],"nm":"Group 2","np":4,"cix":2,"bm":0,"ix":2,"mn":"ADBE Vector Group","hd":false}],"ip":0,"op":899.000036617021,"st":0,"bm":0},{"ddd":0,"ind":3,"ty":4,"nm":"Spark 2 Outlines","sr":1,"ks":{"o":{"a":0,"k":100,"ix":11},"r":{"a":0,"k":0,"ix":10},"p":{"a":0,"k":[623.854,394.738,0],"ix":2},"a":{"a":0,"k":[13.328,13.24,0],"ix":1},"s":{"a":1,"k":[{"i":{"x":[0.667,0.667,0.667],"y":[1,1,1]},"o":{"x":[0.333,0.333,0.333],"y":[0,0,0]},"t":7,"s":[303,303,100]},{"i":{"x":[0.667,0.667,0.667],"y":[1,1,1]},"o":{"x":[0.333,0.333,0.333],"y":[0,0,0]},"t":21,"s":[427.23,427.23,100]},{"i":{"x":[0.667,0.667,0.667],"y":[1,1,1]},"o":{"x":[0.333,0.333,0.333],"y":[0,0,0]},"t":33,"s":[303,303,100]},{"i":{"x":[0.667,0.667,0.667],"y":[1,1,1]},"o":{"x":[0.333,0.333,0.333],"y":[0,0,0]},"t":55,"s":[303,303,100]},{"i":{"x":[0.667,0.667,0.667],"y":[1,1,1]},"o":{"x":[0.333,0.333,0.333],"y":[0,0,0]},"t":62,"s":[424.2,424.2,100]},{"t":68.0000027696968,"s":[303,303,100]}],"ix":6}},"ao":0,"shapes":[{"ty":"gr","it":[{"ind":0,"ty":"sh","ix":1,"ks":{"a":0,"k":{"i":[[0.519,1.443],[0,0],[0.561,-1.561],[0,0],[1.447,-0.508],[0,0],[-1.578,-0.554],[0,0],[-0.518,-1.443],[0,0],[-0.561,1.561],[0,0],[-1.446,0.508],[0,0],[1.577,0.554],[0,0]],"o":[[0,0],[-0.561,-1.561],[0,0],[-0.518,1.443],[0,0],[-1.578,0.554],[0,0],[1.447,0.508],[0,0],[0.561,1.561],[0,0],[0.519,-1.443],[0,0],[1.577,-0.554],[0,0],[-1.446,-0.508]],"v":[[2.927,-6],[1.666,-9.513],[-1.665,-9.513],[-2.927,-6],[-6.033,-2.916],[-9.585,-1.669],[-9.585,1.669],[-6.033,2.916],[-2.927,6],[-1.665,9.513],[1.666,9.513],[2.927,6],[6.033,2.916],[9.586,1.669],[9.586,-1.669],[6.033,-2.916]],"c":true},"ix":2},"nm":"Path 1","mn":"ADBE Vector Shape - Group","hd":false},{"ty":"st","c":{"a":0,"k":[0,0,0,1],"ix":3},"o":{"a":0,"k":100,"ix":4},"w":{"a":0,"k":2.166,"ix":5},"lc":1,"lj":1,"ml":4,"bm":0,"nm":"Stroke 1","mn":"ADBE Vector Graphic - Stroke","hd":false},{"ty":"tr","p":{"a":0,"k":[13.328,13.24],"ix":2},"a":{"a":0,"k":[0,0],"ix":1},"s":{"a":0,"k":[100,100],"ix":3},"r":{"a":0,"k":0,"ix":6},"o":{"a":0,"k":100,"ix":7},"sk":{"a":0,"k":0,"ix":4},"sa":{"a":0,"k":0,"ix":5},"nm":"Transform"}],"nm":"Group 1","np":2,"cix":2,"bm":0,"ix":1,"mn":"ADBE Vector Group","hd":false},{"ty":"gr","it":[{"ind":0,"ty":"sh","ix":1,"ks":{"a":0,"k":{"i":[[0.519,1.443],[0,0],[0.561,-1.561],[0,0],[1.447,-0.508],[0,0],[-1.578,-0.554],[0,0],[-0.518,-1.443],[0,0],[-0.561,1.561],[0,0],[-1.446,0.508],[0,0],[1.577,0.554],[0,0]],"o":[[0,0],[-0.561,-1.561],[0,0],[-0.518,1.443],[0,0],[-1.578,0.554],[0,0],[1.447,0.508],[0,0],[0.561,1.561],[0,0],[0.519,-1.443],[0,0],[1.577,-0.554],[0,0],[-1.446,-0.508]],"v":[[2.927,-6],[1.666,-9.513],[-1.665,-9.513],[-2.927,-6],[-6.033,-2.916],[-9.585,-1.669],[-9.585,1.669],[-6.033,2.916],[-2.927,6],[-1.665,9.513],[1.666,9.513],[2.927,6],[6.033,2.916],[9.586,1.669],[9.586,-1.669],[6.033,-2.916]],"c":true},"ix":2},"nm":"Path 1","mn":"ADBE Vector Shape - Group","hd":false},{"ty":"fl","c":{"a":0,"k":[1,1,1,1],"ix":4},"o":{"a":0,"k":100,"ix":5},"r":1,"bm":0,"nm":"Fill 1","mn":"ADBE Vector Graphic - Fill","hd":false},{"ty":"tr","p":{"a":0,"k":[13.328,13.24],"ix":2},"a":{"a":0,"k":[0,0],"ix":1},"s":{"a":0,"k":[100,100],"ix":3},"r":{"a":0,"k":0,"ix":6},"o":{"a":0,"k":100,"ix":7},"sk":{"a":0,"k":0,"ix":4},"sa":{"a":0,"k":0,"ix":5},"nm":"Transform"}],"nm":"Group 2","np":4,"cix":2,"bm":0,"ix":2,"mn":"ADBE Vector Group","hd":false}],"ip":0,"op":899.000036617021,"st":0,"bm":0},{"ddd":0,"ind":5,"ty":4,"nm":"Layer 6 Outlines","sr":1,"ks":{"o":{"a":1,"k":[{"i":{"x":[0.833],"y":[0.833]},"o":{"x":[0.167],"y":[0.167]},"t":21,"s":[0]},{"i":{"x":[0.833],"y":[0.833]},"o":{"x":[0.167],"y":[0.167]},"t":29,"s":[99]},{"t":35.0000014255792,"s":[0]}],"ix":11},"r":{"a":0,"k":-1.556,"ix":10},"p":{"a":0,"k":[369.341,364.85,0],"ix":2},"a":{"a":0,"k":[33.095,7.548,0],"ix":1},"s":{"a":0,"k":[303,303,100],"ix":6}},"ao":0,"shapes":[{"ty":"gr","it":[{"ind":0,"ty":"sh","ix":1,"ks":{"a":0,"k":{"i":[[0,0],[-9.957,-5.096]],"o":[[0,0],[0,0]],"v":[[-10.488,2.548],[10.488,2.548]],"c":false},"ix":2},"nm":"Path 1","mn":"ADBE Vector Shape - Group","hd":false},{"ty":"st","c":{"a":0,"k":[0,0,0,1],"ix":3},"o":{"a":0,"k":100,"ix":4},"w":{"a":0,"k":2,"ix":5},"lc":1,"lj":1,"ml":10,"bm":0,"nm":"Stroke 1","mn":"ADBE Vector Graphic - Stroke","hd":false},{"ty":"tr","p":{"a":0,"k":[50.702,7.548],"ix":2},"a":{"a":0,"k":[0,0],"ix":1},"s":{"a":0,"k":[100,100],"ix":3},"r":{"a":0,"k":0,"ix":6},"o":{"a":0,"k":100,"ix":7},"sk":{"a":0,"k":0,"ix":4},"sa":{"a":0,"k":0,"ix":5},"nm":"Transform"}],"nm":"Group 1","np":2,"cix":2,"bm":0,"ix":1,"mn":"ADBE Vector Group","hd":false},{"ty":"gr","it":[{"ind":0,"ty":"sh","ix":1,"ks":{"a":0,"k":{"i":[[0,0],[-9.957,-5.096]],"o":[[0,0],[0,0]],"v":[[-10.488,2.548],[10.488,2.548]],"c":false},"ix":2},"nm":"Path 1","mn":"ADBE Vector Shape - Group","hd":false},{"ty":"st","c":{"a":0,"k":[0,0,0,1],"ix":3},"o":{"a":0,"k":100,"ix":4},"w":{"a":0,"k":2,"ix":5},"lc":1,"lj":1,"ml":10,"bm":0,"nm":"Stroke 1","mn":"ADBE Vector Graphic - Stroke","hd":false},{"ty":"tr","p":{"a":0,"k":[15.487,7.548],"ix":2},"a":{"a":0,"k":[0,0],"ix":1},"s":{"a":0,"k":[100,100],"ix":3},"r":{"a":0,"k":0,"ix":6},"o":{"a":0,"k":100,"ix":7},"sk":{"a":0,"k":0,"ix":4},"sa":{"a":0,"k":0,"ix":5},"nm":"Transform"}],"nm":"Group 2","np":2,"cix":2,"bm":0,"ix":2,"mn":"ADBE Vector Group","hd":false}],"ip":0,"op":899.000036617021,"st":0,"bm":0},{"ddd":0,"ind":7,"ty":4,"nm":"Layer 5 Outlines","parent":10,"sr":1,"ks":{"o":{"a":1,"k":[{"i":{"x":[0.833],"y":[0.833]},"o":{"x":[0.167],"y":[0.167]},"t":21,"s":[100]},{"i":{"x":[0.833],"y":[0.833]},"o":{"x":[0.167],"y":[0.167]},"t":29,"s":[0]},{"t":35.0000014255792,"s":[100]}],"ix":11},"r":{"a":0,"k":0,"ix":10},"p":{"a":0,"k":[70.938,89.55,0],"ix":2},"a":{"a":0,"k":[30.957,8.714,0],"ix":1},"s":{"a":1,"k":[{"i":{"x":[0.833,0.833,0.833],"y":[0.833,0.833,0.833]},"o":{"x":[0.167,0.167,0.167],"y":[0.167,0.167,0.167]},"t":21,"s":[100,100,100]},{"i":{"x":[0.833,0.833,0.833],"y":[0.833,0.833,0.833]},"o":{"x":[0.167,0.167,0.167],"y":[0.167,0.167,0.167]},"t":29,"s":[100,20,100]},{"t":35.0000014255792,"s":[100,100,100]}],"ix":6}},"ao":0,"shapes":[{"ty":"gr","it":[{"ind":0,"ty":"sh","ix":1,"ks":{"a":0,"k":{"i":[[0,0],[-6.633,1.543],[0.828,-10.523]],"o":[[-1.868,-5.864],[6.941,-1.614],[0,0]],"v":[[-9.75,6.753],[-2.282,-5.139],[10.79,6.372]],"c":false},"ix":2},"nm":"Path 1","mn":"ADBE Vector Shape - Group","hd":false},{"ty":"st","c":{"a":0,"k":[0,0,0,1],"ix":3},"o":{"a":0,"k":100,"ix":4},"w":{"a":0,"k":1.493,"ix":5},"lc":2,"lj":1,"ml":4,"bm":0,"nm":"Stroke 1","mn":"ADBE Vector Graphic - Stroke","hd":false},{"ty":"tr","p":{"a":0,"k":[13.111,9.181],"ix":2},"a":{"a":0,"k":[0,0],"ix":1},"s":{"a":0,"k":[100,100],"ix":3},"r":{"a":0,"k":0,"ix":6},"o":{"a":0,"k":100,"ix":7},"sk":{"a":0,"k":0,"ix":4},"sa":{"a":0,"k":0,"ix":5},"nm":"Transform"}],"nm":"Group 1","np":2,"cix":2,"bm":0,"ix":1,"mn":"ADBE Vector Group","hd":false},{"ty":"gr","it":[{"ind":0,"ty":"sh","ix":1,"ks":{"a":0,"k":{"i":[[0,0],[6.775,0.692],[-2.359,-7.703]],"o":[[1.111,-6.054],[-7.089,-0.723],[0,0]],"v":[[10.493,5.434],[1.546,-5.964],[-9.244,6.688]],"c":false},"ix":2},"nm":"Path 1","mn":"ADBE Vector Shape - Group","hd":false},{"ty":"st","c":{"a":0,"k":[0,0,0,1],"ix":3},"o":{"a":0,"k":100,"ix":4},"w":{"a":0,"k":1.493,"ix":5},"lc":2,"lj":1,"ml":4,"bm":0,"nm":"Stroke 1","mn":"ADBE Vector Graphic - Stroke","hd":false},{"ty":"tr","p":{"a":0,"k":[48.818,8.244],"ix":2},"a":{"a":0,"k":[0,0],"ix":1},"s":{"a":0,"k":[100,100],"ix":3},"r":{"a":0,"k":0,"ix":6},"o":{"a":0,"k":100,"ix":7},"sk":{"a":0,"k":0,"ix":4},"sa":{"a":0,"k":0,"ix":5},"nm":"Transform"}],"nm":"Group 2","np":2,"cix":2,"bm":0,"ix":2,"mn":"ADBE Vector Group","hd":false},{"ty":"gr","it":[{"ind":0,"ty":"sh","ix":1,"ks":{"a":0,"k":{"i":[[0.676,-0.043],[-0.043,-0.675],[-0.675,0.042],[0.043,0.676]],"o":[[-0.676,0.043],[0.043,0.676],[0.676,-0.043],[-0.042,-0.676]],"v":[[-0.077,-1.224],[-1.224,0.077],[0.077,1.225],[1.224,-0.077]],"c":true},"ix":2},"nm":"Path 1","mn":"ADBE Vector Shape - Group","hd":false},{"ty":"fl","c":{"a":0,"k":[0.984313785329,0.980392216701,0.984313785329,1],"ix":4},"o":{"a":0,"k":100,"ix":5},"r":1,"bm":0,"nm":"Fill 1","mn":"ADBE Vector Graphic - Fill","hd":false},{"ty":"tr","p":{"a":0,"k":[54.23,7.888],"ix":2},"a":{"a":0,"k":[0,0],"ix":1},"s":{"a":0,"k":[100,100],"ix":3},"r":{"a":0,"k":0,"ix":6},"o":{"a":0,"k":100,"ix":7},"sk":{"a":0,"k":0,"ix":4},"sa":{"a":0,"k":0,"ix":5},"nm":"Transform"}],"nm":"Group 3","np":4,"cix":2,"bm":0,"ix":3,"mn":"ADBE Vector Group","hd":false},{"ty":"gr","it":[{"ind":0,"ty":"sh","ix":1,"ks":{"a":0,"k":{"i":[[-2.712,-0.005],[0.005,-2.712],[2.712,0.005],[-0.005,2.712]],"o":[[2.712,0.005],[-0.005,2.712],[-2.712,-0.005],[0.005,-2.712]],"v":[[0.009,-4.911],[4.911,0.008],[-0.009,4.911],[-4.911,-0.008]],"c":true},"ix":2},"nm":"Path 1","mn":"ADBE Vector Shape - Group","hd":false},{"ty":"fl","c":{"a":0,"k":[0,0,0,1],"ix":4},"o":{"a":0,"k":100,"ix":5},"r":1,"bm":0,"nm":"Fill 1","mn":"ADBE Vector Graphic - Fill","hd":false},{"ty":"tr","p":{"a":0,"k":[52.896,9.898],"ix":2},"a":{"a":0,"k":[0,0],"ix":1},"s":{"a":0,"k":[100,100],"ix":3},"r":{"a":0,"k":0,"ix":6},"o":{"a":0,"k":100,"ix":7},"sk":{"a":0,"k":0,"ix":4},"sa":{"a":0,"k":0,"ix":5},"nm":"Transform"}],"nm":"Group 4","np":4,"cix":2,"bm":0,"ix":4,"mn":"ADBE Vector Group","hd":false},{"ty":"gr","it":[{"ind":0,"ty":"sh","ix":1,"ks":{"a":0,"k":{"i":[[11.566,-2.196],[0.086,-3.561],[-2.213,-0.188],[-1.972,0.125],[-2.544,1.49]],"o":[[-7.067,1.342],[-0.054,2.221],[2.122,0.18],[3.46,-0.219],[2.543,-1.49]],"v":[[-2.044,-5.856],[-10.96,2.929],[-7.581,7.527],[-0.838,7.152],[8.471,6.562]],"c":true},"ix":2},"nm":"Path 1","mn":"ADBE Vector Shape - Group","hd":false},{"ty":"fl","c":{"a":0,"k":[0.984313785329,0.980392216701,0.984313785329,1],"ix":4},"o":{"a":0,"k":100,"ix":5},"r":1,"bm":0,"nm":"Fill 1","mn":"ADBE Vector Graphic - Fill","hd":false},{"ty":"tr","p":{"a":0,"k":[49.797,8.302],"ix":2},"a":{"a":0,"k":[0,0],"ix":1},"s":{"a":0,"k":[100,100],"ix":3},"r":{"a":0,"k":0,"ix":6},"o":{"a":0,"k":100,"ix":7},"sk":{"a":0,"k":0,"ix":4},"sa":{"a":0,"k":0,"ix":5},"nm":"Transform"}],"nm":"Group 5","np":4,"cix":2,"bm":0,"ix":5,"mn":"ADBE Vector Group","hd":false},{"ty":"gr","it":[{"ind":0,"ty":"sh","ix":1,"ks":{"a":0,"k":{"i":[[0.676,-0.043],[-0.043,-0.675],[-0.675,0.042],[0.043,0.676]],"o":[[-0.676,0.043],[0.043,0.676],[0.676,-0.043],[-0.042,-0.676]],"v":[[-0.077,-1.224],[-1.223,0.077],[0.077,1.225],[1.223,-0.077]],"c":true},"ix":2},"nm":"Path 1","mn":"ADBE Vector Shape - Group","hd":false},{"ty":"fl","c":{"a":0,"k":[0.984313785329,0.980392216701,0.984313785329,1],"ix":4},"o":{"a":0,"k":100,"ix":5},"r":1,"bm":0,"nm":"Fill 1","mn":"ADBE Vector Graphic - Fill","hd":false},{"ty":"tr","p":{"a":0,"k":[19.153,8.619],"ix":2},"a":{"a":0,"k":[0,0],"ix":1},"s":{"a":0,"k":[100,100],"ix":3},"r":{"a":0,"k":0,"ix":6},"o":{"a":0,"k":100,"ix":7},"sk":{"a":0,"k":0,"ix":4},"sa":{"a":0,"k":0,"ix":5},"nm":"Transform"}],"nm":"Group 6","np":4,"cix":2,"bm":0,"ix":6,"mn":"ADBE Vector Group","hd":false},{"ty":"gr","it":[{"ind":0,"ty":"sh","ix":1,"ks":{"a":0,"k":{"i":[[-2.712,-0.005],[0.005,-2.712],[2.712,0.005],[-0.005,2.712]],"o":[[2.712,0.005],[-0.005,2.712],[-2.712,-0.005],[0.005,-2.712]],"v":[[0.008,-4.911],[4.91,0.008],[-0.008,4.911],[-4.911,-0.008]],"c":true},"ix":2},"nm":"Path 1","mn":"ADBE Vector Shape - Group","hd":false},{"ty":"fl","c":{"a":0,"k":[0,0,0,1],"ix":4},"o":{"a":0,"k":100,"ix":5},"r":1,"bm":0,"nm":"Fill 1","mn":"ADBE Vector Graphic - Fill","hd":false},{"ty":"tr","p":{"a":0,"k":[17.818,10.63],"ix":2},"a":{"a":0,"k":[0,0],"ix":1},"s":{"a":0,"k":[100,100],"ix":3},"r":{"a":0,"k":0,"ix":6},"o":{"a":0,"k":100,"ix":7},"sk":{"a":0,"k":0,"ix":4},"sa":{"a":0,"k":0,"ix":5},"nm":"Transform"}],"nm":"Group 7","np":4,"cix":2,"bm":0,"ix":7,"mn":"ADBE Vector Group","hd":false},{"ty":"gr","it":[{"ind":0,"ty":"sh","ix":1,"ks":{"a":0,"k":{"i":[[11.66,-1.624],[0.234,-3.666],[-2.302,-0.116],[-1.932,0.123],[-2.543,1.49]],"o":[[-6.954,0.968],[-0.147,2.3],[2.42,0.121],[3.358,-0.213],[2.543,-1.491]],"v":[[-1.834,-5.968],[-11.051,2.706],[-7.633,7.471],[-0.284,6.648],[8.655,6.081]],"c":true},"ix":2},"nm":"Path 1","mn":"ADBE Vector Shape - Group","hd":false},{"ty":"fl","c":{"a":0,"k":[0.984313785329,0.980392216701,0.984313785329,1],"ix":4},"o":{"a":0,"k":100,"ix":5},"r":1,"bm":0,"nm":"Fill 1","mn":"ADBE Vector Graphic - Fill","hd":false},{"ty":"tr","p":{"a":0,"k":[14.15,9.543],"ix":2},"a":{"a":0,"k":[0,0],"ix":1},"s":{"a":0,"k":[100,100],"ix":3},"r":{"a":0,"k":0,"ix":6},"o":{"a":0,"k":100,"ix":7},"sk":{"a":0,"k":0,"ix":4},"sa":{"a":0,"k":0,"ix":5},"nm":"Transform"}],"nm":"Group 8","np":4,"cix":2,"bm":0,"ix":8,"mn":"ADBE Vector Group","hd":false}],"ip":0,"op":899.000036617021,"st":0,"bm":0},{"ddd":0,"ind":9,"ty":4,"nm":"Layer 1 Outlines","sr":1,"ks":{"o":{"a":0,"k":100,"ix":11},"r":{"a":1,"k":[{"i":{"x":[0.833],"y":[0.833]},"o":{"x":[0.167],"y":[0.167]},"t":0,"s":[0]},{"i":{"x":[0.833],"y":[0.833]},"o":{"x":[0.167],"y":[0.167]},"t":32,"s":[-1]},{"t":68.0000027696968,"s":[0]}],"ix":10},"p":{"a":0,"k":[373.354,601.777,0],"ix":2},"a":{"a":0,"k":[70.864,170.862,0],"ix":1},"s":{"a":0,"k":[303,303,100],"ix":6}},"ao":0,"shapes":[{"ty":"gr","it":[{"ind":0,"ty":"sh","ix":1,"ks":{"a":0,"k":{"i":[[2.894,6.989],[-1.533,0.072],[-2.997,-0.482],[2.657,-2.574]],"o":[[-2.316,-5.591],[14.151,3.69],[1.384,0.222],[-8.124,10.712]],"v":[[-12.654,-3.099],[-10.949,-10.304],[12.876,-6.565],[12.313,-0.408]],"c":true},"ix":2},"nm":"Path 1","mn":"ADBE Vector Shape - Group","hd":false},{"ty":"st","c":{"a":0,"k":[0,0,0,1],"ix":3},"o":{"a":0,"k":100,"ix":4},"w":{"a":0,"k":1.432,"ix":5},"lc":1,"lj":1,"ml":4,"bm":0,"nm":"Stroke 1","mn":"ADBE Vector Graphic - Stroke","hd":false},{"ty":"tr","p":{"a":0,"k":[69.554,126.455],"ix":2},"a":{"a":0,"k":[0,0],"ix":1},"s":{"a":0,"k":[100,100],"ix":3},"r":{"a":0,"k":0,"ix":6},"o":{"a":0,"k":100,"ix":7},"sk":{"a":0,"k":0,"ix":4},"sa":{"a":0,"k":0,"ix":5},"nm":"Transform"}],"nm":"Group 1","np":2,"cix":2,"bm":0,"ix":1,"mn":"ADBE Vector Group","hd":false},{"ty":"gr","it":[{"ind":0,"ty":"sh","ix":1,"ks":{"a":0,"k":{"i":[[5.113,3.566],[2.402,-1.478],[-3.463,-0.47]],"o":[[-5.113,-3.567],[1.059,2.413],[2.758,0.018]],"v":[[4.241,-0.427],[-9.354,-0.451],[2.358,3.976]],"c":true},"ix":2},"nm":"Path 1","mn":"ADBE Vector Shape - Group","hd":false},{"ty":"fl","c":{"a":0,"k":[0.701960784314,0.352941176471,0.305882352941,1],"ix":4},"o":{"a":0,"k":100,"ix":5},"r":1,"bm":0,"nm":"Fill 1","mn":"ADBE Vector Graphic - Fill","hd":false},{"ty":"tr","p":{"a":0,"k":[68.55,129.029],"ix":2},"a":{"a":0,"k":[0,0],"ix":1},"s":{"a":0,"k":[100,100],"ix":3},"r":{"a":0,"k":0,"ix":6},"o":{"a":0,"k":100,"ix":7},"sk":{"a":0,"k":0,"ix":4},"sa":{"a":0,"k":0,"ix":5},"nm":"Transform"}],"nm":"Group 2","np":4,"cix":2,"bm":0,"ix":2,"mn":"ADBE Vector Group","hd":false},{"ty":"gr","it":[{"ind":0,"ty":"sh","ix":1,"ks":{"a":0,"k":{"i":[[0.813,-1.483],[5.115,2.684],[0,0],[-1.066,-0.498]],"o":[[-10.251,3.512],[0,0],[8.861,1.53],[1.332,0.623]],"v":[[13.104,1.499],[-13.917,-1.693],[-12.364,-5.012],[12.228,-1.171]],"c":true},"ix":2},"nm":"Path 1","mn":"ADBE Vector Shape - Group","hd":false},{"ty":"fl","c":{"a":0,"k":[0.984313785329,0.980392216701,0.984313785329,1],"ix":4},"o":{"a":0,"k":100,"ix":5},"r":1,"bm":0,"nm":"Fill 1","mn":"ADBE Vector Graphic - Fill","hd":false},{"ty":"tr","p":{"a":0,"k":[69.98,121.165],"ix":2},"a":{"a":0,"k":[0,0],"ix":1},"s":{"a":0,"k":[100,100],"ix":3},"r":{"a":0,"k":0,"ix":6},"o":{"a":0,"k":100,"ix":7},"sk":{"a":0,"k":0,"ix":4},"sa":{"a":0,"k":0,"ix":5},"nm":"Transform"}],"nm":"Group 3","np":4,"cix":2,"bm":0,"ix":3,"mn":"ADBE Vector Group","hd":false},{"ty":"gr","it":[{"ind":0,"ty":"sh","ix":1,"ks":{"a":0,"k":{"i":[[2.885,7.085],[-1.52,0.069],[-2.971,-0.495],[2.931,-3.53]],"o":[[-2.309,-5.667],[14.032,3.769],[2.972,0.495],[-11.767,10.095]],"v":[[-12.977,-2.793],[-11.305,-10.085],[12.314,-6.244],[11.772,-0.01]],"c":true},"ix":2},"nm":"Path 1","mn":"ADBE Vector Shape - Group","hd":false},{"ty":"fl","c":{"a":0,"k":[0,0,0,1],"ix":4},"o":{"a":0,"k":100,"ix":5},"r":1,"bm":0,"nm":"Fill 1","mn":"ADBE Vector Graphic - Fill","hd":false},{"ty":"tr","p":{"a":0,"k":[69.894,126.239],"ix":2},"a":{"a":0,"k":[0,0],"ix":1},"s":{"a":0,"k":[100,100],"ix":3},"r":{"a":0,"k":0,"ix":6},"o":{"a":0,"k":100,"ix":7},"sk":{"a":0,"k":0,"ix":4},"sa":{"a":0,"k":0,"ix":5},"nm":"Transform"}],"nm":"Group 4","np":4,"cix":2,"bm":0,"ix":4,"mn":"ADBE Vector Group","hd":false},{"ty":"gr","it":[{"ind":0,"ty":"sh","ix":1,"ks":{"a":0,"k":{"i":[[0,0],[1.862,-2.612],[-0.746,-2.24],[0,0.249],[4.777,-3.284]],"o":[[0.622,0.124],[-1.864,2.614],[-1.493,0],[0.248,2.737],[0,0]],"v":[[3.361,-12.503],[4.48,-8.397],[1.869,1.307],[-1.117,0.187],[-6.342,12.503]],"c":false},"ix":2},"nm":"Path 1","mn":"ADBE Vector Shape - Group","hd":false},{"ty":"st","c":{"a":0,"k":[0,0,0,1],"ix":3},"o":{"a":0,"k":100,"ix":4},"w":{"a":0,"k":2.612,"ix":5},"lc":1,"lj":1,"ml":4,"bm":0,"nm":"Stroke 1","mn":"ADBE Vector Graphic - Stroke","hd":false},{"ty":"tr","p":{"a":0,"k":[113.782,90.443],"ix":2},"a":{"a":0,"k":[0,0],"ix":1},"s":{"a":0,"k":[100,100],"ix":3},"r":{"a":0,"k":0,"ix":6},"o":{"a":0,"k":100,"ix":7},"sk":{"a":0,"k":0,"ix":4},"sa":{"a":0,"k":0,"ix":5},"nm":"Transform"}],"nm":"Group 5","np":2,"cix":2,"bm":0,"ix":5,"mn":"ADBE Vector Group","hd":false},{"ty":"gr","it":[{"ind":0,"ty":"sh","ix":1,"ks":{"a":0,"k":{"i":[[-0.799,3.61],[-4.841,-2.111],[-7.817,3.949],[-9.828,-4.07],[-5.351,1.191],[-2.657,-9.855],[-0.052,-1.942],[-2.008,1.447],[-0.246,-0.835],[0.617,-1.65],[0,0],[0.061,-0.843],[2.884,-1.274],[0,0],[0.709,-0.576],[0.343,-0.26],[4.562,4.661],[-0.396,-3.676],[0.973,0.342],[2.334,2.302],[-1.137,-2.242],[1.874,2.939],[5.818,-1.593],[3.417,-0.79],[0,0],[1.852,2.323],[0.707,1.236],[3.585,7.136],[1.421,2.802],[0.21,2.463],[-0.325,2.012],[1.278,0.705],[-0.63,0.804],[1.54,3.343]],"o":[[6.845,-12.266],[-1.417,-8.184],[7.818,-3.949],[7.863,3.256],[4.526,-0.322],[3.325,12.32],[6.302,4.037],[0.705,-0.509],[1.154,3.923],[0,0],[0.846,-0.023],[-0.891,12.334],[0,0],[0.689,0.601],[-0.394,0.318],[-13.351,6.103],[0.538,1.555],[0.11,1.027],[-12.331,-4.33],[0.684,1.327],[-11.19,-6.874],[-6.657,0.778],[0.747,14.333],[0,0],[-0.723,-0.624],[-0.555,-0.697],[-1.726,-3.022],[-0.804,-1.599],[-1.421,-2.802],[-0.126,-1.478],[-1.707,-0.52],[-0.894,-0.493],[2.225,-2.835],[-2.383,-5.169]],"v":[[-66.549,-10.594],[-43.469,-19.59],[-26.684,-44.197],[-0.514,-44.007],[25.365,-43.511],[42.266,-32.157],[46.285,-21.8],[58.268,-21.221],[60.133,-20.641],[59.882,-11.102],[65.803,-11.264],[67.288,-9.758],[53.755,15.159],[58.264,19.092],[58.234,21.342],[57.087,22.245],[26.665,14.096],[28.632,24.038],[26.776,25.469],[4.518,13.35],[7.991,20.133],[-6.87,6.93],[-32.76,11.518],[-42.079,31.803],[-43.73,48.145],[-46.633,45.227],[-48.367,42.589],[-54.254,31.488],[-57.221,25.786],[-60.889,17.665],[-60.24,13.641],[-64.676,11.788],[-64.958,9.249],[-64.454,-0.885]],"c":true},"ix":2},"nm":"Path 1","mn":"ADBE Vector Shape - Group","hd":false},{"ty":"st","c":{"a":0,"k":[0,0,0,1],"ix":3},"o":{"a":0,"k":100,"ix":4},"w":{"a":0,"k":2.612,"ix":5},"lc":1,"lj":1,"ml":4,"bm":0,"nm":"Stroke 1","mn":"ADBE Vector Graphic - Stroke","hd":false},{"ty":"tr","p":{"a":0,"k":[71.768,50.757],"ix":2},"a":{"a":0,"k":[0,0],"ix":1},"s":{"a":0,"k":[100,100],"ix":3},"r":{"a":0,"k":0,"ix":6},"o":{"a":0,"k":100,"ix":7},"sk":{"a":0,"k":0,"ix":4},"sa":{"a":0,"k":0,"ix":5},"nm":"Transform"}],"nm":"Group 6","np":2,"cix":2,"bm":0,"ix":6,"mn":"ADBE Vector Group","hd":false},{"ty":"gr","it":[{"ind":0,"ty":"sh","ix":1,"ks":{"a":0,"k":{"i":[[3.012,0.816],[23.791,0.702],[13.986,-2.509],[0.84,-8.605],[-5.665,-10.462],[1.845,-1.646],[-2.421,0.702],[-1.225,-2.873],[-0.606,-1.3],[-0.66,-1.928],[-0.809,-1.594],[0.327,-0.806],[0,0],[0,0],[0.094,3.466],[-0.205,3.494],[-0.052,-1.913],[-7.894,1.111],[-8.028,-3.819],[0.032,1.195],[-5.873,-1.536],[0.704,3.928],[-2.719,-1.023],[0,0],[-0.785,1.935],[-0.074,2.793],[0,0],[0,0],[0,0],[2.668,2.044],[-1.224,1.448],[1.955,1.502],[0.23,4.828],[0,0],[0.765,2.521]],"o":[[-14.56,-2.148],[-30.385,4.26],[-15.346,2.753],[-13.858,-3.812],[3.774,6.968],[0.577,0.943],[-1.349,4.38],[1.021,2.393],[2.428,5.199],[2.39,4.758],[-1.315,0.036],[0,0],[0,0],[-0.665,-8.005],[8.205,-1.777],[-0.205,1.65],[9.493,-2.799],[0.222,2.685],[-2.782,-3.363],[3.327,6.937],[-0.332,-1.187],[1.231,1.283],[0,0],[0.186,-0.503],[0.785,-1.935],[0,0],[0,0],[0,0],[-0.875,-1.171],[4.289,0.032],[-0.975,-1.02],[7.769,-4.636],[0,0],[1.589,-3.153],[-1.069,1.026]],"v":[[53.411,-20.545],[27.649,-44.368],[-16.101,-47.82],[-42.408,-21.46],[-63.599,-3.396],[-64.72,10.199],[-58.515,13.143],[-56.324,21.391],[-53.93,26.2],[-50.842,33.327],[-46.982,41.607],[-45.894,44.813],[-43.396,47.042],[-39.878,50.329],[-40.99,30.98],[-30.964,14.711],[-31.065,10.976],[-4.278,6.364],[12.104,20.573],[6.984,13.685],[31.066,25.144],[29.192,16.672],[38.887,21.344],[39.626,48.684],[42.36,44.723],[42.789,40.76],[46.329,36.692],[46.284,35.048],[47.337,33.459],[48.097,24.683],[60.958,21.252],[55.591,14.314],[69.034,-12.295],[61.863,-12.101],[61.552,-23.605]],"c":true},"ix":2},"nm":"Path 1","mn":"ADBE Vector Shape - Group","hd":false},{"ty":"fl","c":{"a":0,"k":[0.137254901961,0.152941176471,0.152941176471,1],"ix":4},"o":{"a":0,"k":100,"ix":5},"r":1,"bm":0,"nm":"Fill 1","mn":"ADBE Vector Graphic - Fill","hd":false},{"ty":"tr","p":{"a":0,"k":[69.514,51.358],"ix":2},"a":{"a":0,"k":[0,0],"ix":1},"s":{"a":0,"k":[100,100],"ix":3},"r":{"a":0,"k":0,"ix":6},"o":{"a":0,"k":100,"ix":7},"sk":{"a":0,"k":0,"ix":4},"sa":{"a":0,"k":0,"ix":5},"nm":"Transform"}],"nm":"Group 7","np":4,"cix":2,"bm":0,"ix":7,"mn":"ADBE Vector Group","hd":false},{"ty":"gr","it":[{"ind":0,"ty":"sh","ix":1,"ks":{"a":0,"k":{"i":[[0,0],[-6.127,8.031],[0,0],[-1.311,-3.431]],"o":[[-0.995,-2.605],[0,0],[-6.689,8.768],[0,0]],"v":[[-0.384,9.993],[3.987,-8.302],[1.91,-9.887],[-2.824,10.925]],"c":true},"ix":2},"nm":"Path 1","mn":"ADBE Vector Shape - Group","hd":false},{"ind":1,"ty":"sh","ix":2,"ks":{"a":0,"k":{"i":[[0,0],[0,0],[0,0],[0,0]],"o":[[0,0],[0,0],[0,0],[0,0]],"v":[[3.987,-8.302],[4.779,-9.341],[2.702,-10.925],[1.91,-9.887]],"c":true},"ix":2},"nm":"Path 2","mn":"ADBE Vector Shape - Group","hd":false},{"ty":"mm","mm":1,"nm":"Merge Paths 1","mn":"ADBE Vector Filter - Merge","hd":false},{"ty":"fl","c":{"a":0,"k":[0,0,0,1],"ix":4},"o":{"a":0,"k":100,"ix":5},"r":1,"bm":0,"nm":"Fill 1","mn":"ADBE Vector Graphic - Fill","hd":false},{"ty":"tr","p":{"a":0,"k":[29.343,19.821],"ix":2},"a":{"a":0,"k":[0,0],"ix":1},"s":{"a":0,"k":[100,100],"ix":3},"r":{"a":0,"k":0,"ix":6},"o":{"a":0,"k":100,"ix":7},"sk":{"a":0,"k":0,"ix":4},"sa":{"a":0,"k":0,"ix":5},"nm":"Transform"}],"nm":"Group 8","np":6,"cix":2,"bm":0,"ix":8,"mn":"ADBE Vector Group","hd":false},{"ty":"gr","it":[{"ind":0,"ty":"sh","ix":1,"ks":{"a":0,"k":{"i":[[-8.856,-2.907],[-0.008,-2.143],[1.502,0.258],[-0.831,2.414]],"o":[[7.996,2.625],[0.154,1.192],[-1.502,-0.259],[0.832,-2.415]],"v":[[2.378,-3.891],[11.435,4.835],[-8.189,3.422],[-10.758,-3.087]],"c":true},"ix":2},"nm":"Path 1","mn":"ADBE Vector Shape - Group","hd":false},{"ty":"fl","c":{"a":0,"k":[0,0,0,1],"ix":4},"o":{"a":0,"k":100,"ix":5},"r":1,"bm":0,"nm":"Fill 1","mn":"ADBE Vector Graphic - Fill","hd":false},{"ty":"tr","p":{"a":0,"k":[88.926,71.73],"ix":2},"a":{"a":0,"k":[0,0],"ix":1},"s":{"a":0,"k":[100,100],"ix":3},"r":{"a":0,"k":0,"ix":6},"o":{"a":0,"k":100,"ix":7},"sk":{"a":0,"k":0,"ix":4},"sa":{"a":0,"k":0,"ix":5},"nm":"Transform"}],"nm":"Group 9","np":4,"cix":2,"bm":0,"ix":9,"mn":"ADBE Vector Group","hd":false},{"ty":"gr","it":[{"ind":0,"ty":"sh","ix":1,"ks":{"a":0,"k":{"i":[[-8.856,-2.907],[-0.008,-2.143],[1.503,0.258],[-0.831,2.414]],"o":[[7.996,2.625],[0.154,1.192],[-1.502,-0.259],[0.832,-2.415]],"v":[[2.378,-3.506],[11.435,5.221],[-8.19,3.807],[-10.758,-2.702]],"c":true},"ix":2},"nm":"Path 1","mn":"ADBE Vector Shape - Group","hd":false},{"ty":"fl","c":{"a":0,"k":[0.603921568627,0.36862745098,0.172549019608,1],"ix":4},"o":{"a":0,"k":100,"ix":5},"r":1,"bm":0,"nm":"Fill 1","mn":"ADBE Vector Graphic - Fill","hd":false},{"ty":"tr","p":{"a":0,"k":[88.973,73.436],"ix":2},"a":{"a":0,"k":[0,0],"ix":1},"s":{"a":0,"k":[100,100],"ix":3},"r":{"a":0,"k":0,"ix":6},"o":{"a":0,"k":100,"ix":7},"sk":{"a":0,"k":0,"ix":4},"sa":{"a":0,"k":0,"ix":5},"nm":"Transform"}],"nm":"Group 10","np":4,"cix":2,"bm":0,"ix":10,"mn":"ADBE Vector Group","hd":false},{"ty":"gr","it":[{"ind":0,"ty":"sh","ix":1,"ks":{"a":0,"k":{"i":[[8.686,-3.381],[-0.108,-2.14],[-1.486,0.339],[0.961,2.366]],"o":[[-7.843,3.053],[-0.09,1.199],[1.486,-0.339],[-0.961,-2.366]],"v":[[-2.721,-3.545],[-11.293,5.657],[8.227,3.186],[10.439,-3.452]],"c":true},"ix":2},"nm":"Path 1","mn":"ADBE Vector Shape - Group","hd":false},{"ty":"fl","c":{"a":0,"k":[0,0,0,1],"ix":4},"o":{"a":0,"k":100,"ix":5},"r":1,"bm":0,"nm":"Fill 1","mn":"ADBE Vector Graphic - Fill","hd":false},{"ty":"tr","p":{"a":0,"k":[50.587,72.559],"ix":2},"a":{"a":0,"k":[0,0],"ix":1},"s":{"a":0,"k":[100,100],"ix":3},"r":{"a":0,"k":0,"ix":6},"o":{"a":0,"k":100,"ix":7},"sk":{"a":0,"k":0,"ix":4},"sa":{"a":0,"k":0,"ix":5},"nm":"Transform"}],"nm":"Group 11","np":4,"cix":2,"bm":0,"ix":11,"mn":"ADBE Vector Group","hd":false},{"ty":"gr","it":[{"ind":0,"ty":"sh","ix":1,"ks":{"a":0,"k":{"i":[[8.685,-3.381],[-0.108,-2.14],[-1.486,0.339],[0.961,2.366]],"o":[[-7.843,3.053],[-0.09,1.199],[1.485,-0.339],[-0.961,-2.366]],"v":[[-2.72,-3.51],[-11.292,5.692],[8.227,3.221],[10.439,-3.417]],"c":true},"ix":2},"nm":"Path 1","mn":"ADBE Vector Shape - Group","hd":false},{"ty":"fl","c":{"a":0,"k":[0.603921568627,0.36862745098,0.172549019608,1],"ix":4},"o":{"a":0,"k":100,"ix":5},"r":1,"bm":0,"nm":"Fill 1","mn":"ADBE Vector Graphic - Fill","hd":false},{"ty":"tr","p":{"a":0,"k":[50.657,74.614],"ix":2},"a":{"a":0,"k":[0,0],"ix":1},"s":{"a":0,"k":[100,100],"ix":3},"r":{"a":0,"k":0,"ix":6},"o":{"a":0,"k":100,"ix":7},"sk":{"a":0,"k":0,"ix":4},"sa":{"a":0,"k":0,"ix":5},"nm":"Transform"}],"nm":"Group 12","np":4,"cix":2,"bm":0,"ix":12,"mn":"ADBE Vector Group","hd":false},{"ty":"gr","it":[{"ind":0,"ty":"sh","ix":1,"ks":{"a":0,"k":{"i":[[0,0],[-2.765,-0.524],[1.55,-3.481],[0.686,-0.417]],"o":[[0.222,6.373],[3.456,0.654],[-1.241,2.784],[0,0]],"v":[[-4.685,-13.415],[-1.203,3.119],[3.134,8.683],[-0.476,13.415]],"c":false},"ix":2},"nm":"Path 1","mn":"ADBE Vector Shape - Group","hd":false},{"ty":"st","c":{"a":0,"k":[0,0,0,1],"ix":3},"o":{"a":0,"k":100,"ix":4},"w":{"a":0,"k":1.495,"ix":5},"lc":2,"lj":1,"ml":4,"bm":0,"nm":"Stroke 1","mn":"ADBE Vector Graphic - Stroke","hd":false},{"ty":"tr","p":{"a":0,"k":[76.496,100.817],"ix":2},"a":{"a":0,"k":[0,0],"ix":1},"s":{"a":0,"k":[100,100],"ix":3},"r":{"a":0,"k":0,"ix":6},"o":{"a":0,"k":100,"ix":7},"sk":{"a":0,"k":0,"ix":4},"sa":{"a":0,"k":0,"ix":5},"nm":"Transform"}],"nm":"Group 13","np":2,"cix":2,"bm":0,"ix":13,"mn":"ADBE Vector Group","hd":false},{"ty":"gr","it":[{"ind":0,"ty":"sh","ix":1,"ks":{"a":0,"k":{"i":[[1.867,-1.725],[2.78,-0.374],[-2.201,1.554]],"o":[[-1.867,1.725],[-5.233,1.1],[2.094,-3.645]],"v":[[7.021,-3.846],[-3.655,-0.566],[3.795,4.017]],"c":true},"ix":2},"nm":"Path 1","mn":"ADBE Vector Shape - Group","hd":false},{"ty":"fl","c":{"a":0,"k":[0.576470588235,0.341176470588,0.141176470588,1],"ix":4},"o":{"a":0,"k":100,"ix":5},"r":1,"bm":0,"nm":"Fill 1","mn":"ADBE Vector Graphic - Fill","hd":false},{"ty":"tr","p":{"a":0,"k":[72.798,110.616],"ix":2},"a":{"a":0,"k":[0,0],"ix":1},"s":{"a":0,"k":[100,100],"ix":3},"r":{"a":0,"k":0,"ix":6},"o":{"a":0,"k":100,"ix":7},"sk":{"a":0,"k":0,"ix":4},"sa":{"a":0,"k":0,"ix":5},"nm":"Transform"}],"nm":"Group 14","np":4,"cix":2,"bm":0,"ix":14,"mn":"ADBE Vector Group","hd":false},{"ty":"gr","it":[{"ind":0,"ty":"sh","ix":1,"ks":{"a":0,"k":{"i":[[-8.856,-2.907],[-0.008,-2.143],[1.502,0.258],[-0.831,2.414]],"o":[[7.996,2.625],[0.154,1.192],[-1.502,-0.259],[0.832,-2.415]],"v":[[2.378,-3.891],[11.435,4.835],[-8.189,3.422],[-10.758,-3.087]],"c":true},"ix":2},"nm":"Path 1","mn":"ADBE Vector Shape - Group","hd":false},{"ty":"fl","c":{"a":0,"k":[0,0,0,1],"ix":4},"o":{"a":0,"k":100,"ix":5},"r":1,"bm":0,"nm":"Fill 1","mn":"ADBE Vector Graphic - Fill","hd":false},{"ty":"tr","p":{"a":0,"k":[88.926,71.73],"ix":2},"a":{"a":0,"k":[0,0],"ix":1},"s":{"a":0,"k":[100,100],"ix":3},"r":{"a":0,"k":0,"ix":6},"o":{"a":0,"k":100,"ix":7},"sk":{"a":0,"k":0,"ix":4},"sa":{"a":0,"k":0,"ix":5},"nm":"Transform"}],"nm":"Group 15","np":4,"cix":2,"bm":0,"ix":15,"mn":"ADBE Vector Group","hd":false},{"ty":"gr","it":[{"ind":0,"ty":"sh","ix":1,"ks":{"a":0,"k":{"i":[[8.686,-3.381],[-0.108,-2.14],[-1.486,0.339],[0.961,2.366]],"o":[[-7.843,3.053],[-0.09,1.199],[1.486,-0.339],[-0.961,-2.366]],"v":[[-2.721,-3.545],[-11.293,5.657],[8.227,3.186],[10.439,-3.452]],"c":true},"ix":2},"nm":"Path 1","mn":"ADBE Vector Shape - Group","hd":false},{"ty":"fl","c":{"a":0,"k":[0,0,0,1],"ix":4},"o":{"a":0,"k":100,"ix":5},"r":1,"bm":0,"nm":"Fill 1","mn":"ADBE Vector Graphic - Fill","hd":false},{"ty":"tr","p":{"a":0,"k":[50.587,72.559],"ix":2},"a":{"a":0,"k":[0,0],"ix":1},"s":{"a":0,"k":[100,100],"ix":3},"r":{"a":0,"k":0,"ix":6},"o":{"a":0,"k":100,"ix":7},"sk":{"a":0,"k":0,"ix":4},"sa":{"a":0,"k":0,"ix":5},"nm":"Transform"}],"nm":"Group 16","np":4,"cix":2,"bm":0,"ix":16,"mn":"ADBE Vector Group","hd":false},{"ty":"gr","it":[{"ind":0,"ty":"sh","ix":1,"ks":{"a":0,"k":{"i":[[2.75,-8.196],[0,0],[0,0],[0,0],[0,0],[0,0],[0,0],[0,0],[0,0],[0,0],[-0.031,-0.713],[-0.123,-2.488],[-0.49,-7.037],[-0.732,-6.198],[-1.041,-2.591],[-6.863,-4.879],[-9.915,0.268],[0,0],[0,0],[-5.227,7.14],[-0.775,3.101],[0,0.192],[0,0],[3.051,2.964],[4.51,1.129],[5.612,-0.106],[0.204,-0.003],[0,0],[0,0],[7.784,-3.1]],"o":[[0,0],[0,0],[0,0],[-1.344,0.052],[0,0],[0,0],[0,0],[0,0],[0,0],[0.016,0.38],[0.062,1.427],[0.247,4.976],[0.49,7.035],[0.722,6.127],[2.041,5.08],[6.885,4.896],[0,0],[0,0],[13.365,-0.739],[5.195,-7.097],[0.053,-0.21],[0,0],[0.56,-5.293],[-3.003,-2.918],[-8.68,-2.172],[-0.219,0.004],[0,0],[0,0],[-5.6,0.201],[-7.757,3.089]],"v":[[-40.622,-32.726],[-40.7,-32.492],[-40.691,-32.245],[-39.347,-32.298],[-40.691,-32.245],[-40.691,-32.243],[-40.689,-32.236],[-40.689,-32.208],[-40.685,-32.096],[-40.668,-31.663],[-40.598,-30.012],[-40.32,-24.048],[-39.214,-5.299],[-37.382,15.284],[-34.76,29.198],[-20.865,45.377],[4.831,53.641],[4.851,53.641],[4.869,53.64],[31.874,39.21],[39.897,21.337],[39.971,20.739],[40.139,-33.604],[35.988,-45.887],[24.216,-51.736],[-0.26,-53.611],[-0.896,-53.6],[-0.908,-53.599],[-0.92,-53.599],[-22.799,-49.113]],"c":true},"ix":2},"nm":"Path 1","mn":"ADBE Vector Shape - Group","hd":false},{"ty":"st","c":{"a":0,"k":[0,0,0,1],"ix":3},"o":{"a":0,"k":100,"ix":4},"w":{"a":0,"k":2.69,"ix":5},"lc":1,"lj":1,"ml":4,"bm":0,"nm":"Stroke 1","mn":"ADBE Vector Graphic - Stroke","hd":false},{"ty":"tr","p":{"a":0,"k":[68.883,91.317],"ix":2},"a":{"a":0,"k":[0,0],"ix":1},"s":{"a":0,"k":[100,100],"ix":3},"r":{"a":0,"k":0,"ix":6},"o":{"a":0,"k":100,"ix":7},"sk":{"a":0,"k":0,"ix":4},"sa":{"a":0,"k":0,"ix":5},"nm":"Transform"}],"nm":"Group 17","np":2,"cix":2,"bm":0,"ix":17,"mn":"ADBE Vector Group","hd":false},{"ty":"gr","it":[{"ind":0,"ty":"sh","ix":1,"ks":{"a":0,"k":{"i":[[6.872,-0.186],[0.864,-6.724],[0,0],[0,0],[0,0],[0,0],[2.436,1.634],[5.172,3.26]],"o":[[-3.259,12.191],[0,0],[0,0],[0,0],[0,0],[0.11,4.059],[-5.947,1.224],[-4.987,3.535]],"v":[[-28.417,-8.941],[-33.386,17.389],[-33.955,24.018],[-42.967,-21.757],[40.697,-24.018],[42.857,0.57],[33.752,-4.41],[7.041,-13.559]],"c":true},"ix":2},"nm":"Path 1","mn":"ADBE Vector Shape - Group","hd":false},{"ty":"fl","c":{"a":0,"k":[0.603921568627,0.36862745098,0.172549019608,1],"ix":4},"o":{"a":0,"k":100,"ix":5},"r":1,"bm":0,"nm":"Fill 1","mn":"ADBE Vector Graphic - Fill","hd":false},{"ty":"tr","p":{"a":0,"k":[65.251,66.558],"ix":2},"a":{"a":0,"k":[0,0],"ix":1},"s":{"a":0,"k":[100,100],"ix":3},"r":{"a":0,"k":0,"ix":6},"o":{"a":0,"k":100,"ix":7},"sk":{"a":0,"k":0,"ix":4},"sa":{"a":0,"k":0,"ix":5},"nm":"Transform"}],"nm":"Group 18","np":4,"cix":2,"bm":0,"ix":18,"mn":"ADBE Vector Group","hd":false},{"ty":"gr","it":[{"ind":0,"ty":"sh","ix":1,"ks":{"a":0,"k":{"i":[[0,0],[0,0],[0,0],[0,0],[0,0],[0,0],[0,0]],"o":[[0,0],[0,0],[0,0],[0,0],[0,0],[0,0],[0,0]],"v":[[-27.079,1.453],[-36.997,16.225],[-37.736,-11.117],[-9.168,-16.225],[37.736,0.842],[37.134,15.633],[0.019,-2.717]],"c":true},"ix":2},"nm":"Path 1","mn":"ADBE Vector Shape - Group","hd":false},{"ty":"fl","c":{"a":0,"k":[0.603921568627,0.36862745098,0.172549019608,1],"ix":4},"o":{"a":0,"k":100,"ix":5},"r":1,"bm":0,"nm":"Fill 1","mn":"ADBE Vector Graphic - Fill","hd":false},{"ty":"tr","p":{"a":0,"k":[70.226,63.548],"ix":2},"a":{"a":0,"k":[0,0],"ix":1},"s":{"a":0,"k":[100,100],"ix":3},"r":{"a":0,"k":0,"ix":6},"o":{"a":0,"k":100,"ix":7},"sk":{"a":0,"k":0,"ix":4},"sa":{"a":0,"k":0,"ix":5},"nm":"Transform"}],"nm":"Group 19","np":4,"cix":2,"bm":0,"ix":19,"mn":"ADBE Vector Group","hd":false},{"ty":"gr","it":[{"ind":0,"ty":"sh","ix":1,"ks":{"a":0,"k":{"i":[[2.75,-8.196],[0,0],[0,0],[0,0],[0,0],[0,0],[0,0],[0,0],[0,0],[0,0],[-0.031,-0.713],[-0.123,-2.488],[-0.49,-7.037],[-0.732,-6.198],[-1.041,-2.591],[-6.863,-4.879],[-9.915,0.268],[0,0],[0,0],[-5.161,6.899],[-1.103,4.126],[0,0],[0,0.211],[0,0],[3.051,2.964],[4.51,1.129],[5.612,-0.106],[0.204,-0.003],[0,0],[0,0],[7.784,-3.1]],"o":[[0,0],[0,0],[0,0],[-1.344,0.052],[0,0],[0,0],[0,0],[0,0],[0,0],[0.016,0.38],[0.062,1.427],[0.247,4.976],[0.49,7.035],[0.722,6.127],[2.041,5.08],[6.885,4.896],[0,0],[0,0],[13.343,-0.738],[5.1,-6.817],[0,0],[0.058,-0.218],[0,0],[0.56,-5.293],[-3.003,-2.918],[-8.68,-2.172],[-0.219,0.004],[0,0],[0,0],[-5.6,0.201],[-7.757,3.089]],"v":[[-40.622,-32.726],[-40.7,-32.492],[-40.691,-32.245],[-39.347,-32.298],[-40.691,-32.245],[-40.691,-32.243],[-40.689,-32.236],[-40.689,-32.208],[-40.685,-32.096],[-40.668,-31.663],[-40.598,-30.012],[-40.32,-24.048],[-39.214,-5.299],[-37.382,15.284],[-34.76,29.198],[-20.865,45.377],[4.831,53.641],[4.851,53.641],[4.869,53.64],[31.624,40.019],[39.876,21.412],[39.887,21.371],[39.971,20.729],[40.139,-33.604],[35.988,-45.887],[24.216,-51.736],[-0.26,-53.611],[-0.896,-53.6],[-0.908,-53.599],[-0.92,-53.599],[-22.799,-49.113]],"c":true},"ix":2},"nm":"Path 1","mn":"ADBE Vector Shape - Group","hd":false},{"ty":"st","c":{"a":0,"k":[0.223529426724,0.121568634931,0.023529413635,1],"ix":3},"o":{"a":0,"k":100,"ix":4},"w":{"a":0,"k":2.69,"ix":5},"lc":1,"lj":1,"ml":4,"bm":0,"nm":"Stroke 1","mn":"ADBE Vector Graphic - Stroke","hd":false},{"ty":"tr","p":{"a":0,"k":[68.883,91.317],"ix":2},"a":{"a":0,"k":[0,0],"ix":1},"s":{"a":0,"k":[100,100],"ix":3},"r":{"a":0,"k":0,"ix":6},"o":{"a":0,"k":100,"ix":7},"sk":{"a":0,"k":0,"ix":4},"sa":{"a":0,"k":0,"ix":5},"nm":"Transform"}],"nm":"Group 20","np":2,"cix":2,"bm":0,"ix":20,"mn":"ADBE Vector Group","hd":false},{"ty":"gr","it":[{"ind":0,"ty":"sh","ix":1,"ks":{"a":0,"k":{"i":[[2.75,-8.196],[0,0],[0,0],[0,0],[0,0],[0,0],[0,0],[0,0],[0,0],[0,0],[-0.031,-0.713],[-0.123,-2.488],[-0.49,-7.037],[-0.732,-6.198],[-1.041,-2.591],[-6.863,-4.879],[-9.915,0.268],[0,0],[0,0],[-5.161,6.899],[-1.103,4.126],[0,0],[0,0.211],[0,0],[3.051,2.964],[4.51,1.129],[5.612,-0.106],[0.204,-0.003],[0,0],[0,0],[7.784,-3.1]],"o":[[0,0],[0,0],[0,0],[-1.344,0.052],[0,0],[0,0],[0,0],[0,0],[0,0],[0.016,0.38],[0.062,1.427],[0.247,4.976],[0.49,7.035],[0.722,6.127],[2.041,5.08],[6.885,4.896],[0,0],[0,0],[13.343,-0.738],[5.1,-6.817],[0,0],[0.058,-0.218],[0,0],[0.56,-5.293],[-3.003,-2.918],[-8.68,-2.172],[-0.219,0.004],[0,0],[0,0],[-5.6,0.201],[-7.757,3.089]],"v":[[-40.622,-32.726],[-40.7,-32.492],[-40.691,-32.245],[-39.347,-32.298],[-40.691,-32.245],[-40.691,-32.243],[-40.689,-32.236],[-40.689,-32.208],[-40.685,-32.096],[-40.668,-31.663],[-40.598,-30.012],[-40.32,-24.048],[-39.214,-5.299],[-37.382,15.284],[-34.76,29.198],[-20.865,45.377],[4.831,53.641],[4.851,53.641],[4.869,53.64],[31.624,40.019],[39.876,21.412],[39.887,21.371],[39.971,20.729],[40.139,-33.604],[35.988,-45.887],[24.216,-51.736],[-0.26,-53.611],[-0.896,-53.6],[-0.908,-53.599],[-0.92,-53.599],[-22.799,-49.113]],"c":true},"ix":2},"nm":"Path 1","mn":"ADBE Vector Shape - Group","hd":false},{"ty":"fl","c":{"a":0,"k":[0.800000059838,0.529411764706,0.301960784314,1],"ix":4},"o":{"a":0,"k":100,"ix":5},"r":1,"bm":0,"nm":"Fill 1","mn":"ADBE Vector Graphic - Fill","hd":false},{"ty":"tr","p":{"a":0,"k":[68.883,91.317],"ix":2},"a":{"a":0,"k":[0,0],"ix":1},"s":{"a":0,"k":[100,100],"ix":3},"r":{"a":0,"k":0,"ix":6},"o":{"a":0,"k":100,"ix":7},"sk":{"a":0,"k":0,"ix":4},"sa":{"a":0,"k":0,"ix":5},"nm":"Transform"}],"nm":"Group 21","np":4,"cix":2,"bm":0,"ix":21,"mn":"ADBE Vector Group","hd":false},{"ty":"gr","it":[{"ind":0,"ty":"sh","ix":1,"ks":{"a":0,"k":{"i":[[0,0],[0.063,0.816],[0.325,0.638],[0.597,0.162],[1.388,-0.656],[0,0],[-1.09,-0.298],[-0.452,-0.89],[-0.072,-0.929],[0.106,-0.646]],"o":[[0.087,-0.529],[-0.064,-0.821],[-0.318,-0.625],[-0.618,-0.169],[0,0],[1.564,-0.739],[1.112,0.303],[0.445,0.877],[0.073,0.936],[0,0]],"v":[[1.893,3.203],[1.966,1.085],[1.403,-1.184],[0.052,-2.389],[-2.89,-1.839],[-3.529,-3.189],[0.444,-3.831],[2.736,-1.861],[3.456,0.969],[3.368,3.445]],"c":true},"ix":2},"nm":"Path 1","mn":"ADBE Vector Shape - Group","hd":false},{"ind":1,"ty":"sh","ix":2,"ks":{"a":0,"k":{"i":[[0,0],[0.407,0.067],[-0.067,0.407]],"o":[[-0.067,0.408],[-0.408,-0.067],[0,0]],"v":[[3.368,3.445],[2.51,4.061],[1.893,3.203]],"c":true},"ix":2},"nm":"Path 2","mn":"ADBE Vector Shape - Group","hd":false},{"ty":"mm","mm":1,"nm":"Merge Paths 1","mn":"ADBE Vector Filter - Merge","hd":false},{"ty":"fl","c":{"a":0,"k":[0,0,0,1],"ix":4},"o":{"a":0,"k":100,"ix":5},"r":1,"bm":0,"nm":"Fill 1","mn":"ADBE Vector Graphic - Fill","hd":false},{"ty":"tr","p":{"a":0,"k":[113.388,102.193],"ix":2},"a":{"a":0,"k":[0,0],"ix":1},"s":{"a":0,"k":[100,100],"ix":3},"r":{"a":0,"k":0,"ix":6},"o":{"a":0,"k":100,"ix":7},"sk":{"a":0,"k":0,"ix":4},"sa":{"a":0,"k":0,"ix":5},"nm":"Transform"}],"nm":"Group 22","np":6,"cix":2,"bm":0,"ix":22,"mn":"ADBE Vector Group","hd":false},{"ty":"gr","it":[{"ind":0,"ty":"sh","ix":1,"ks":{"a":0,"k":{"i":[[2.965,4.6],[1.713,-1.167],[0.754,-7.508]],"o":[[-2.285,-3.544],[-0.725,6.357],[17.071,-4.556]],"v":[[2.694,-11.761],[-5.418,-13.15],[-8.536,15.305]],"c":true},"ix":2},"nm":"Path 1","mn":"ADBE Vector Shape - Group","hd":false},{"ty":"st","c":{"a":0,"k":[0,0,0,1],"ix":3},"o":{"a":0,"k":100,"ix":4},"w":{"a":0,"k":2.391,"ix":5},"lc":1,"lj":1,"ml":4,"bm":0,"nm":"Stroke 1","mn":"ADBE Vector Graphic - Stroke","hd":false},{"ty":"tr","p":{"a":0,"k":[114.798,105.637],"ix":2},"a":{"a":0,"k":[0,0],"ix":1},"s":{"a":0,"k":[100,100],"ix":3},"r":{"a":0,"k":0,"ix":6},"o":{"a":0,"k":100,"ix":7},"sk":{"a":0,"k":0,"ix":4},"sa":{"a":0,"k":0,"ix":5},"nm":"Transform"}],"nm":"Group 23","np":2,"cix":2,"bm":0,"ix":23,"mn":"ADBE Vector Group","hd":false},{"ty":"gr","it":[{"ind":0,"ty":"sh","ix":1,"ks":{"a":0,"k":{"i":[[2.966,4.6],[1.713,-1.167],[0.753,-7.508]],"o":[[-2.284,-3.544],[-0.725,6.357],[17.07,-4.556]],"v":[[2.693,-11.761],[-5.418,-13.15],[-8.535,15.305]],"c":true},"ix":2},"nm":"Path 1","mn":"ADBE Vector Shape - Group","hd":false},{"ty":"st","c":{"a":0,"k":[0.223529426724,0.121568634931,0.023529413635,1],"ix":3},"o":{"a":0,"k":100,"ix":4},"w":{"a":0,"k":2.391,"ix":5},"lc":1,"lj":1,"ml":4,"bm":0,"nm":"Stroke 1","mn":"ADBE Vector Graphic - Stroke","hd":false},{"ty":"tr","p":{"a":0,"k":[114.778,105.637],"ix":2},"a":{"a":0,"k":[0,0],"ix":1},"s":{"a":0,"k":[100,100],"ix":3},"r":{"a":0,"k":0,"ix":6},"o":{"a":0,"k":100,"ix":7},"sk":{"a":0,"k":0,"ix":4},"sa":{"a":0,"k":0,"ix":5},"nm":"Transform"}],"nm":"Group 24","np":2,"cix":2,"bm":0,"ix":24,"mn":"ADBE Vector Group","hd":false},{"ty":"gr","it":[{"ind":0,"ty":"sh","ix":1,"ks":{"a":0,"k":{"i":[[2.966,4.6],[1.713,-1.167],[0.753,-7.508]],"o":[[-2.284,-3.544],[-0.725,6.357],[17.07,-4.556]],"v":[[2.693,-11.761],[-5.418,-13.15],[-8.535,15.305]],"c":true},"ix":2},"nm":"Path 1","mn":"ADBE Vector Shape - Group","hd":false},{"ty":"fl","c":{"a":0,"k":[0.800000059838,0.529411764706,0.301960784314,1],"ix":4},"o":{"a":0,"k":100,"ix":5},"r":1,"bm":0,"nm":"Fill 1","mn":"ADBE Vector Graphic - Fill","hd":false},{"ty":"tr","p":{"a":0,"k":[114.778,105.637],"ix":2},"a":{"a":0,"k":[0,0],"ix":1},"s":{"a":0,"k":[100,100],"ix":3},"r":{"a":0,"k":0,"ix":6},"o":{"a":0,"k":100,"ix":7},"sk":{"a":0,"k":0,"ix":4},"sa":{"a":0,"k":0,"ix":5},"nm":"Transform"}],"nm":"Group 25","np":4,"cix":2,"bm":0,"ix":25,"mn":"ADBE Vector Group","hd":false},{"ty":"gr","it":[{"ind":0,"ty":"sh","ix":1,"ks":{"a":0,"k":{"i":[[0,0],[-0.019,0.818],[-0.29,0.655],[-0.588,0.195],[-1.422,-0.581],[0,0],[1.073,-0.356],[0.403,-0.912],[0.022,-0.933],[-0.14,-0.64]],"o":[[-0.115,-0.523],[0.019,-0.824],[0.283,-0.641],[0.608,-0.202],[0,0],[-1.602,-0.654],[-1.093,0.363],[-0.398,0.9],[-0.022,0.937],[0,0]],"v":[[-1.682,3.24],[-1.87,1.13],[-1.43,-1.169],[-0.146,-2.444],[2.821,-2.053],[3.385,-3.437],[-0.618,-3.863],[-2.798,-1.773],[-3.364,1.095],[-3.143,3.561]],"c":true},"ix":2},"nm":"Path 1","mn":"ADBE Vector Shape - Group","hd":false},{"ind":1,"ty":"sh","ix":2,"ks":{"a":0,"k":{"i":[[0,0],[-0.404,0.088],[0.089,0.403]],"o":[[0.089,0.403],[0.403,-0.089],[0,0]],"v":[[-3.143,3.561],[-2.251,4.131],[-1.682,3.24]],"c":true},"ix":2},"nm":"Path 2","mn":"ADBE Vector Shape - Group","hd":false},{"ty":"mm","mm":1,"nm":"Merge Paths 1","mn":"ADBE Vector Filter - Merge","hd":false},{"ty":"fl","c":{"a":0,"k":[0,0,0,1],"ix":4},"o":{"a":0,"k":100,"ix":5},"r":1,"bm":0,"nm":"Fill 1","mn":"ADBE Vector Graphic - Fill","hd":false},{"ty":"tr","p":{"a":0,"k":[26.531,104.602],"ix":2},"a":{"a":0,"k":[0,0],"ix":1},"s":{"a":0,"k":[100,100],"ix":3},"r":{"a":0,"k":0,"ix":6},"o":{"a":0,"k":100,"ix":7},"sk":{"a":0,"k":0,"ix":4},"sa":{"a":0,"k":0,"ix":5},"nm":"Transform"}],"nm":"Group 26","np":6,"cix":2,"bm":0,"ix":26,"mn":"ADBE Vector Group","hd":false},{"ty":"gr","it":[{"ind":0,"ty":"sh","ix":1,"ks":{"a":0,"k":{"i":[[-2.712,4.753],[-1.773,-1.073],[-1.158,-7.456]],"o":[[2.09,-3.663],[1.068,6.308],[-17.292,-3.627]],"v":[[-4.029,-11.378],[3.995,-13.203],[8.646,15.04]],"c":true},"ix":2},"nm":"Path 1","mn":"ADBE Vector Shape - Group","hd":false},{"ty":"st","c":{"a":0,"k":[0,0,0,1],"ix":3},"o":{"a":0,"k":100,"ix":4},"w":{"a":0,"k":2.391,"ix":5},"lc":1,"lj":1,"ml":4,"bm":0,"nm":"Stroke 1","mn":"ADBE Vector Graphic - Stroke","hd":false},{"ty":"tr","p":{"a":0,"k":[25.605,107.848],"ix":2},"a":{"a":0,"k":[0,0],"ix":1},"s":{"a":0,"k":[100,100],"ix":3},"r":{"a":0,"k":0,"ix":6},"o":{"a":0,"k":100,"ix":7},"sk":{"a":0,"k":0,"ix":4},"sa":{"a":0,"k":0,"ix":5},"nm":"Transform"}],"nm":"Group 27","np":2,"cix":2,"bm":0,"ix":27,"mn":"ADBE Vector Group","hd":false},{"ty":"gr","it":[{"ind":0,"ty":"sh","ix":1,"ks":{"a":0,"k":{"i":[[-2.712,4.753],[-1.773,-1.073],[-1.158,-7.456]],"o":[[2.09,-3.662],[1.068,6.308],[-17.292,-3.627]],"v":[[-4.029,-11.379],[3.995,-13.204],[8.646,15.04]],"c":true},"ix":2},"nm":"Path 1","mn":"ADBE Vector Shape - Group","hd":false},{"ty":"st","c":{"a":0,"k":[0.223529426724,0.121568634931,0.023529413635,1],"ix":3},"o":{"a":0,"k":100,"ix":4},"w":{"a":0,"k":2.391,"ix":5},"lc":1,"lj":1,"ml":4,"bm":0,"nm":"Stroke 1","mn":"ADBE Vector Graphic - Stroke","hd":false},{"ty":"tr","p":{"a":0,"k":[25.601,107.849],"ix":2},"a":{"a":0,"k":[0,0],"ix":1},"s":{"a":0,"k":[100,100],"ix":3},"r":{"a":0,"k":0,"ix":6},"o":{"a":0,"k":100,"ix":7},"sk":{"a":0,"k":0,"ix":4},"sa":{"a":0,"k":0,"ix":5},"nm":"Transform"}],"nm":"Group 28","np":2,"cix":2,"bm":0,"ix":28,"mn":"ADBE Vector Group","hd":false},{"ty":"gr","it":[{"ind":0,"ty":"sh","ix":1,"ks":{"a":0,"k":{"i":[[-2.712,4.753],[-1.773,-1.073],[-1.158,-7.456]],"o":[[2.09,-3.662],[1.068,6.308],[-17.292,-3.627]],"v":[[-4.029,-11.379],[3.995,-13.204],[8.646,15.04]],"c":true},"ix":2},"nm":"Path 1","mn":"ADBE Vector Shape - Group","hd":false},{"ty":"fl","c":{"a":0,"k":[0.800000059838,0.529411764706,0.301960784314,1],"ix":4},"o":{"a":0,"k":100,"ix":5},"r":1,"bm":0,"nm":"Fill 1","mn":"ADBE Vector Graphic - Fill","hd":false},{"ty":"tr","p":{"a":0,"k":[25.601,107.849],"ix":2},"a":{"a":0,"k":[0,0],"ix":1},"s":{"a":0,"k":[100,100],"ix":3},"r":{"a":0,"k":0,"ix":6},"o":{"a":0,"k":100,"ix":7},"sk":{"a":0,"k":0,"ix":4},"sa":{"a":0,"k":0,"ix":5},"nm":"Transform"}],"nm":"Group 29","np":4,"cix":2,"bm":0,"ix":29,"mn":"ADBE Vector Group","hd":false},{"ty":"gr","it":[{"ind":0,"ty":"sh","ix":1,"ks":{"a":0,"k":{"i":[[0,0],[0,0],[0,0]],"o":[[0,0],[0,0],[0,0]],"v":[[2.633,3.291],[0.264,0.527],[-2.633,-3.29]],"c":false},"ix":2},"nm":"Path 1","mn":"ADBE Vector Shape - Group","hd":false},{"ty":"st","c":{"a":0,"k":[0,0,0,1],"ix":3},"o":{"a":0,"k":100,"ix":4},"w":{"a":0,"k":1.58,"ix":5},"lc":1,"lj":1,"ml":4,"bm":0,"nm":"Stroke 1","mn":"ADBE Vector Graphic - Stroke","hd":false},{"ty":"tr","p":{"a":0,"k":[60.706,244.977],"ix":2},"a":{"a":0,"k":[0,0],"ix":1},"s":{"a":0,"k":[100,100],"ix":3},"r":{"a":0,"k":0,"ix":6},"o":{"a":0,"k":100,"ix":7},"sk":{"a":0,"k":0,"ix":4},"sa":{"a":0,"k":0,"ix":5},"nm":"Transform"}],"nm":"Group 30","np":2,"cix":2,"bm":0,"ix":30,"mn":"ADBE Vector Group","hd":false},{"ty":"gr","it":[{"ind":0,"ty":"sh","ix":1,"ks":{"a":0,"k":{"i":[[0,0],[0,0]],"o":[[0,0],[0,0]],"v":[[80.18,234.682],[95.975,234.682]],"c":false},"ix":2},"nm":"Path 1","mn":"ADBE Vector Shape - Group","hd":false},{"ty":"st","c":{"a":0,"k":[0,0,0,1],"ix":3},"o":{"a":0,"k":100,"ix":4},"w":{"a":0,"k":1.316,"ix":5},"lc":1,"lj":1,"ml":4,"bm":0,"nm":"Stroke 1","mn":"ADBE Vector Graphic - Stroke","hd":false},{"ty":"tr","p":{"a":0,"k":[0,0],"ix":2},"a":{"a":0,"k":[0,0],"ix":1},"s":{"a":0,"k":[100,100],"ix":3},"r":{"a":0,"k":0,"ix":6},"o":{"a":0,"k":100,"ix":7},"sk":{"a":0,"k":0,"ix":4},"sa":{"a":0,"k":0,"ix":5},"nm":"Transform"}],"nm":"Group 31","np":2,"cix":2,"bm":0,"ix":31,"mn":"ADBE Vector Group","hd":false},{"ty":"gr","it":[{"ind":0,"ty":"sh","ix":1,"ks":{"a":0,"k":{"i":[[0,0],[0,0]],"o":[[0,0],[0,0]],"v":[[-1.316,4.475],[1.316,-4.475]],"c":false},"ix":2},"nm":"Path 1","mn":"ADBE Vector Shape - Group","hd":false},{"ty":"st","c":{"a":0,"k":[0,0,0,1],"ix":3},"o":{"a":0,"k":100,"ix":4},"w":{"a":0,"k":2.239,"ix":5},"lc":1,"lj":1,"ml":4,"bm":0,"nm":"Stroke 1","mn":"ADBE Vector Graphic - Stroke","hd":false},{"ty":"tr","p":{"a":0,"k":[75.968,261.431],"ix":2},"a":{"a":0,"k":[0,0],"ix":1},"s":{"a":0,"k":[100,100],"ix":3},"r":{"a":0,"k":0,"ix":6},"o":{"a":0,"k":100,"ix":7},"sk":{"a":0,"k":0,"ix":4},"sa":{"a":0,"k":0,"ix":5},"nm":"Transform"}],"nm":"Group 32","np":2,"cix":2,"bm":0,"ix":32,"mn":"ADBE Vector Group","hd":false},{"ty":"gr","it":[{"ind":0,"ty":"sh","ix":1,"ks":{"a":0,"k":{"i":[[0,0],[1.263,-16.216],[-4.212,-5.002]],"o":[[1.93,9.828],[-2.367,7.898],[0,0]],"v":[[-1.949,-32.512],[1.475,17.243],[1.475,32.512]],"c":false},"ix":2},"nm":"Path 1","mn":"ADBE Vector Shape - Group","hd":false},{"ty":"st","c":{"a":0,"k":[0,0,0,1],"ix":3},"o":{"a":0,"k":100,"ix":4},"w":{"a":0,"k":2.633,"ix":5},"lc":1,"lj":1,"ml":4,"bm":0,"nm":"Stroke 1","mn":"ADBE Vector Graphic - Stroke","hd":false},{"ty":"tr","p":{"a":0,"k":[78.443,298.418],"ix":2},"a":{"a":0,"k":[0,0],"ix":1},"s":{"a":0,"k":[100,100],"ix":3},"r":{"a":0,"k":0,"ix":6},"o":{"a":0,"k":100,"ix":7},"sk":{"a":0,"k":0,"ix":4},"sa":{"a":0,"k":0,"ix":5},"nm":"Transform"}],"nm":"Group 33","np":2,"cix":2,"bm":0,"ix":33,"mn":"ADBE Vector Group","hd":false},{"ty":"gr","it":[{"ind":0,"ty":"sh","ix":1,"ks":{"a":0,"k":{"i":[[0,0],[0,0],[0,0],[5.265,-1.685]],"o":[[0,0],[0,0],[0.789,4.212],[0,0]],"v":[[16.717,-37.909],[7.503,-35.539],[-12.505,23.167],[-16.717,37.909]],"c":false},"ix":2},"nm":"Path 1","mn":"ADBE Vector Shape - Group","hd":false},{"ty":"st","c":{"a":0,"k":[0,0,0,1],"ix":3},"o":{"a":0,"k":100,"ix":4},"w":{"a":0,"k":2.633,"ix":5},"lc":1,"lj":1,"ml":4,"bm":0,"nm":"Stroke 1","mn":"ADBE Vector Graphic - Stroke","hd":false},{"ty":"tr","p":{"a":0,"k":[66.888,301.183],"ix":2},"a":{"a":0,"k":[0,0],"ix":1},"s":{"a":0,"k":[100,100],"ix":3},"r":{"a":0,"k":0,"ix":6},"o":{"a":0,"k":100,"ix":7},"sk":{"a":0,"k":0,"ix":4},"sa":{"a":0,"k":0,"ix":5},"nm":"Transform"}],"nm":"Group 34","np":2,"cix":2,"bm":0,"ix":34,"mn":"ADBE Vector Group","hd":false},{"ty":"gr","it":[{"ind":0,"ty":"sh","ix":1,"ks":{"a":0,"k":{"i":[[0,0],[0,0]],"o":[[0,0],[0,0]],"v":[[10.135,-3.554],[-10.135,3.554]],"c":false},"ix":2},"nm":"Path 1","mn":"ADBE Vector Shape - Group","hd":false},{"ty":"st","c":{"a":0,"k":[0,0,0,1],"ix":3},"o":{"a":0,"k":100,"ix":4},"w":{"a":0,"k":2.633,"ix":5},"lc":1,"lj":1,"ml":4,"bm":0,"nm":"Stroke 1","mn":"ADBE Vector Graphic - Stroke","hd":false},{"ty":"tr","p":{"a":0,"k":[55.043,252.612],"ix":2},"a":{"a":0,"k":[0,0],"ix":1},"s":{"a":0,"k":[100,100],"ix":3},"r":{"a":0,"k":0,"ix":6},"o":{"a":0,"k":100,"ix":7},"sk":{"a":0,"k":0,"ix":4},"sa":{"a":0,"k":0,"ix":5},"nm":"Transform"}],"nm":"Group 35","np":2,"cix":2,"bm":0,"ix":35,"mn":"ADBE Vector Group","hd":false},{"ty":"gr","it":[{"ind":0,"ty":"sh","ix":1,"ks":{"a":0,"k":{"i":[[0,0],[0,0]],"o":[[-1.493,16.048],[0,0]],"v":[[-5.907,-15.344],[7.4,15.344]],"c":false},"ix":2},"nm":"Path 1","mn":"ADBE Vector Shape - Group","hd":false},{"ty":"st","c":{"a":0,"k":[0,0,0,1],"ix":3},"o":{"a":0,"k":100,"ix":4},"w":{"a":0,"k":2.612,"ix":5},"lc":1,"lj":1,"ml":4,"bm":0,"nm":"Stroke 1","mn":"ADBE Vector Graphic - Stroke","hd":false},{"ty":"tr","p":{"a":0,"k":[52.513,225.026],"ix":2},"a":{"a":0,"k":[0,0],"ix":1},"s":{"a":0,"k":[100,100],"ix":3},"r":{"a":0,"k":0,"ix":6},"o":{"a":0,"k":100,"ix":7},"sk":{"a":0,"k":0,"ix":4},"sa":{"a":0,"k":0,"ix":5},"nm":"Transform"}],"nm":"Group 36","np":2,"cix":2,"bm":0,"ix":36,"mn":"ADBE Vector Group","hd":false},{"ty":"gr","it":[{"ind":0,"ty":"sh","ix":1,"ks":{"a":0,"k":{"i":[[0,0],[0,0]],"o":[[0,0],[0,0]],"v":[[6.713,-7.503],[-6.713,7.502]],"c":false},"ix":2},"nm":"Path 1","mn":"ADBE Vector Shape - Group","hd":false},{"ty":"st","c":{"a":0,"k":[0,0,0,1],"ix":3},"o":{"a":0,"k":100,"ix":4},"w":{"a":0,"k":2.612,"ix":5},"lc":1,"lj":1,"ml":4,"bm":0,"nm":"Stroke 1","mn":"ADBE Vector Graphic - Stroke","hd":false},{"ty":"tr","p":{"a":0,"k":[53.2,247.083],"ix":2},"a":{"a":0,"k":[0,0],"ix":1},"s":{"a":0,"k":[100,100],"ix":3},"r":{"a":0,"k":0,"ix":6},"o":{"a":0,"k":100,"ix":7},"sk":{"a":0,"k":0,"ix":4},"sa":{"a":0,"k":0,"ix":5},"nm":"Transform"}],"nm":"Group 37","np":2,"cix":2,"bm":0,"ix":37,"mn":"ADBE Vector Group","hd":false},{"ty":"gr","it":[{"ind":0,"ty":"sh","ix":1,"ks":{"a":0,"k":{"i":[[0,0],[1.093,-6.522],[2.234,-1.937],[-0.526,-1.316],[-0.831,-0.281]],"o":[[-5.622,18.015],[-0.843,2.494],[-2.233,1.937],[2.135,5.337],[0,0]],"v":[[10.314,-41.837],[-2.417,19.722],[-6.765,24.367],[-9.788,29.726],[-3.207,41.836]],"c":false},"ix":2},"nm":"Path 1","mn":"ADBE Vector Shape - Group","hd":false},{"ty":"st","c":{"a":0,"k":[0,0,0,1],"ix":3},"o":{"a":0,"k":100,"ix":4},"w":{"a":0,"k":2.633,"ix":5},"lc":1,"lj":1,"ml":4,"bm":0,"nm":"Stroke 1","mn":"ADBE Vector Graphic - Stroke","hd":false},{"ty":"tr","p":{"a":0,"k":[36.009,296.201],"ix":2},"a":{"a":0,"k":[0,0],"ix":1},"s":{"a":0,"k":[100,100],"ix":3},"r":{"a":0,"k":0,"ix":6},"o":{"a":0,"k":100,"ix":7},"sk":{"a":0,"k":0,"ix":4},"sa":{"a":0,"k":0,"ix":5},"nm":"Transform"}],"nm":"Group 38","np":2,"cix":2,"bm":0,"ix":38,"mn":"ADBE Vector Group","hd":false},{"ty":"gr","it":[{"ind":0,"ty":"sh","ix":1,"ks":{"a":0,"k":{"i":[[0,0],[1.052,-6.529],[-1.053,-0.789],[1.053,-7.108],[0.877,0]],"o":[[-0.439,18.866],[0,2.632],[1.053,0.79],[-0.843,5.686],[0,0]],"v":[[-1.184,-41.199],[-3.027,23.825],[-0.396,29.616],[1.975,34.882],[-1.71,41.2]],"c":false},"ix":2},"nm":"Path 1","mn":"ADBE Vector Shape - Group","hd":false},{"ty":"st","c":{"a":0,"k":[0,0,0,1],"ix":3},"o":{"a":0,"k":100,"ix":4},"w":{"a":0,"k":2.633,"ix":5},"lc":1,"lj":1,"ml":4,"bm":0,"nm":"Stroke 1","mn":"ADBE Vector Graphic - Stroke","hd":false},{"ty":"tr","p":{"a":0,"k":[101.894,289.731],"ix":2},"a":{"a":0,"k":[0,0],"ix":1},"s":{"a":0,"k":[100,100],"ix":3},"r":{"a":0,"k":0,"ix":6},"o":{"a":0,"k":100,"ix":7},"sk":{"a":0,"k":0,"ix":4},"sa":{"a":0,"k":0,"ix":5},"nm":"Transform"}],"nm":"Group 39","np":2,"cix":2,"bm":0,"ix":39,"mn":"ADBE Vector Group","hd":false},{"ty":"gr","it":[{"ind":0,"ty":"sh","ix":1,"ks":{"a":0,"k":{"i":[[0,0],[0,0],[3.025,-2.689],[3.513,-4.509],[0.533,-3.275],[0,0],[-2.187,-4.079],[0,0]],"o":[[0,0],[-1.141,-0.439],[-4.286,3.811],[-2.039,2.617],[0,0],[-0.743,4.568],[0,0],[0,0]],"v":[[14.278,-57.514],[13.745,-48.303],[8.223,-44.367],[-3.792,-31.274],[-7.619,-22.256],[-13.535,14.141],[-11.308,27.473],[4.801,57.514]],"c":false},"ix":2},"nm":"Path 1","mn":"ADBE Vector Shape - Group","hd":false},{"ty":"st","c":{"a":0,"k":[0,0,0,1],"ix":3},"o":{"a":0,"k":100,"ix":4},"w":{"a":0,"k":2.633,"ix":5},"lc":1,"lj":1,"ml":4,"bm":0,"nm":"Stroke 1","mn":"ADBE Vector Graphic - Stroke","hd":false},{"ty":"tr","p":{"a":0,"k":[40.635,197.335],"ix":2},"a":{"a":0,"k":[0,0],"ix":1},"s":{"a":0,"k":[100,100],"ix":3},"r":{"a":0,"k":0,"ix":6},"o":{"a":0,"k":100,"ix":7},"sk":{"a":0,"k":0,"ix":4},"sa":{"a":0,"k":0,"ix":5},"nm":"Transform"}],"nm":"Group 40","np":2,"cix":2,"bm":0,"ix":40,"mn":"ADBE Vector Group","hd":false},{"ty":"gr","it":[{"ind":0,"ty":"sh","ix":1,"ks":{"a":0,"k":{"i":[[0,0],[-2.192,-1.594],[-0.891,-3.211],[-3.51,-23.869],[1.685,-0.421]],"o":[[4.563,-0.264],[5.792,4.212],[0.482,1.733],[-3.071,2.281],[0,0]],"v":[[-20.271,-50.546],[-5.792,-44.227],[2.971,-35.298],[20.271,43.173],[8.68,50.81]],"c":false},"ix":2},"nm":"Path 1","mn":"ADBE Vector Shape - Group","hd":false},{"ty":"st","c":{"a":0,"k":[0,0,0,1],"ix":3},"o":{"a":0,"k":100,"ix":4},"w":{"a":0,"k":2.633,"ix":5},"lc":1,"lj":1,"ml":4,"bm":0,"nm":"Stroke 1","mn":"ADBE Vector Graphic - Stroke","hd":false},{"ty":"tr","p":{"a":0,"k":[89.4,198.776],"ix":2},"a":{"a":0,"k":[0,0],"ix":1},"s":{"a":0,"k":[100,100],"ix":3},"r":{"a":0,"k":0,"ix":6},"o":{"a":0,"k":100,"ix":7},"sk":{"a":0,"k":0,"ix":4},"sa":{"a":0,"k":0,"ix":5},"nm":"Transform"}],"nm":"Group 41","np":2,"cix":2,"bm":0,"ix":41,"mn":"ADBE Vector Group","hd":false},{"ty":"gr","it":[{"ind":0,"ty":"sh","ix":1,"ks":{"a":0,"k":{"i":[[0,0],[0,0],[0,0]],"o":[[0,0],[0,0],[0,0]],"v":[[8.424,0],[3.159,-6.319],[-8.424,6.318]],"c":true},"ix":2},"nm":"Path 1","mn":"ADBE Vector Shape - Group","hd":false},{"ty":"fl","c":{"a":0,"k":[0.800000059838,0.529411764706,0.301960784314,1],"ix":4},"o":{"a":0,"k":100,"ix":5},"r":1,"bm":0,"nm":"Fill 1","mn":"ADBE Vector Graphic - Fill","hd":false},{"ty":"tr","p":{"a":0,"k":[54.637,248.531],"ix":2},"a":{"a":0,"k":[0,0],"ix":1},"s":{"a":0,"k":[100,100],"ix":3},"r":{"a":0,"k":0,"ix":6},"o":{"a":0,"k":100,"ix":7},"sk":{"a":0,"k":0,"ix":4},"sa":{"a":0,"k":0,"ix":5},"nm":"Transform"}],"nm":"Group 42","np":4,"cix":2,"bm":0,"ix":42,"mn":"ADBE Vector Group","hd":false},{"ty":"gr","it":[{"ind":0,"ty":"sh","ix":1,"ks":{"a":0,"k":{"i":[[0,0],[5.64,-2.875],[-2.84,-5.088],[0,0],[0,0]],"o":[[-2.714,-5.72],[-5.192,2.645],[0,0],[0,0],[0,0]],"v":[[4.852,-16.851],[-10.404,-22.046],[-14.711,-7.885],[3.598,24.921],[17.551,9.917]],"c":true},"ix":2},"nm":"Path 1","mn":"ADBE Vector Shape - Group","hd":false},{"ty":"fl","c":{"a":0,"k":[0.149019607843,0.196078446332,0.254901960784,1],"ix":4},"o":{"a":0,"k":100,"ix":5},"r":1,"bm":0,"nm":"Fill 1","mn":"ADBE Vector Graphic - Fill","hd":false},{"ty":"tr","p":{"a":0,"k":[42.098,230.454],"ix":2},"a":{"a":0,"k":[0,0],"ix":1},"s":{"a":0,"k":[100,100],"ix":3},"r":{"a":0,"k":0,"ix":6},"o":{"a":0,"k":100,"ix":7},"sk":{"a":0,"k":0,"ix":4},"sa":{"a":0,"k":0,"ix":5},"nm":"Transform"}],"nm":"Group 43","np":4,"cix":2,"bm":0,"ix":43,"mn":"ADBE Vector Group","hd":false},{"ty":"gr","it":[{"ind":0,"ty":"sh","ix":1,"ks":{"a":0,"k":{"i":[[0,0],[-1.897,-6.108],[1.492,-9.477]],"o":[[5.971,-5.972],[1.896,6.108],[0,0]],"v":[[-8.389,-17.614],[6.493,-12.48],[4.387,23.586]],"c":false},"ix":2},"nm":"Path 1","mn":"ADBE Vector Shape - Group","hd":false},{"ty":"st","c":{"a":0,"k":[0,0,0,1],"ix":3},"o":{"a":0,"k":100,"ix":4},"w":{"a":0,"k":2.612,"ix":5},"lc":1,"lj":1,"ml":4,"bm":0,"nm":"Stroke 1","mn":"ADBE Vector Graphic - Stroke","hd":false},{"ty":"tr","p":{"a":0,"k":[41.563,190.722],"ix":2},"a":{"a":0,"k":[0,0],"ix":1},"s":{"a":0,"k":[100,100],"ix":3},"r":{"a":0,"k":0,"ix":6},"o":{"a":0,"k":100,"ix":7},"sk":{"a":0,"k":0,"ix":4},"sa":{"a":0,"k":0,"ix":5},"nm":"Transform"}],"nm":"Group 44","np":2,"cix":2,"bm":0,"ix":44,"mn":"ADBE Vector Group","hd":false},{"ty":"gr","it":[{"ind":0,"ty":"sh","ix":1,"ks":{"a":0,"k":{"i":[[0,0],[2.19,2.739],[0,0],[0.659,-3.653],[0,0],[-6.404,-1.011],[-1.094,6.207]],"o":[[0.609,-3.454],[0,0],[-2.318,-2.899],[0,0],[-1.151,6.38],[6.224,0.983],[0,0]],"v":[[13.608,-3.923],[11.121,-13.665],[1.436,-25.774],[-6.194,-23.842],[-13.066,14.22],[-3.494,27.69],[9.69,18.281]],"c":true},"ix":2},"nm":"Path 1","mn":"ADBE Vector Shape - Group","hd":false},{"ty":"fl","c":{"a":0,"k":[0.149019607843,0.196078446332,0.254901960784,1],"ix":4},"o":{"a":0,"k":100,"ix":5},"r":1,"bm":0,"nm":"Fill 1","mn":"ADBE Vector Graphic - Fill","hd":false},{"ty":"tr","p":{"a":0,"k":[40.609,194.18],"ix":2},"a":{"a":0,"k":[0,0],"ix":1},"s":{"a":0,"k":[100,100],"ix":3},"r":{"a":0,"k":0,"ix":6},"o":{"a":0,"k":100,"ix":7},"sk":{"a":0,"k":0,"ix":4},"sa":{"a":0,"k":0,"ix":5},"nm":"Transform"}],"nm":"Group 45","np":4,"cix":2,"bm":0,"ix":45,"mn":"ADBE Vector Group","hd":false},{"ty":"gr","it":[{"ind":0,"ty":"sh","ix":1,"ks":{"a":0,"k":{"i":[[0,0],[1.821,9.45],[5.447,6.782],[0,0]],"o":[[0.084,-1.303],[-4.453,-18.554],[0,0],[0,0]],"v":[[14.484,53.164],[5.774,2.482],[-14.566,-42.1],[-14.569,-53.164]],"c":false},"ix":2},"nm":"Path 1","mn":"ADBE Vector Shape - Group","hd":false},{"ty":"st","c":{"a":0,"k":[0,0,0,1],"ix":3},"o":{"a":0,"k":100,"ix":4},"w":{"a":0,"k":1.498,"ix":5},"lc":1,"lj":1,"ml":4,"bm":0,"nm":"Stroke 1","mn":"ADBE Vector Graphic - Stroke","hd":false},{"ty":"tr","p":{"a":0,"k":[83.874,195.894],"ix":2},"a":{"a":0,"k":[0,0],"ix":1},"s":{"a":0,"k":[100,100],"ix":3},"r":{"a":0,"k":0,"ix":6},"o":{"a":0,"k":100,"ix":7},"sk":{"a":0,"k":0,"ix":4},"sa":{"a":0,"k":0,"ix":5},"nm":"Transform"}],"nm":"Group 46","np":2,"cix":2,"bm":0,"ix":46,"mn":"ADBE Vector Group","hd":false},{"ty":"gr","it":[{"ind":0,"ty":"sh","ix":1,"ks":{"a":0,"k":{"i":[[0,0],[3.686,11.32],[5.446,6.783],[0.374,1.942]],"o":[[0.084,-1.303],[-3.533,-19.726],[-0.522,-0.962],[0,0]],"v":[[12.209,50.367],[9.576,2.454],[-10.807,-43.54],[-13.262,-50.368]],"c":false},"ix":2},"nm":"Path 1","mn":"ADBE Vector Shape - Group","hd":false},{"ty":"st","c":{"a":0,"k":[0,0,0,1],"ix":3},"o":{"a":0,"k":100,"ix":4},"w":{"a":0,"k":1.498,"ix":5},"lc":1,"lj":1,"ml":4,"bm":0,"nm":"Stroke 1","mn":"ADBE Vector Graphic - Stroke","hd":false},{"ty":"tr","p":{"a":0,"k":[67.706,199.217],"ix":2},"a":{"a":0,"k":[0,0],"ix":1},"s":{"a":0,"k":[100,100],"ix":3},"r":{"a":0,"k":0,"ix":6},"o":{"a":0,"k":100,"ix":7},"sk":{"a":0,"k":0,"ix":4},"sa":{"a":0,"k":0,"ix":5},"nm":"Transform"}],"nm":"Group 47","np":2,"cix":2,"bm":0,"ix":47,"mn":"ADBE Vector Group","hd":false},{"ty":"gr","it":[{"ind":0,"ty":"sh","ix":1,"ks":{"a":0,"k":{"i":[[3.057,-0.858],[3.153,2.134],[0,0],[0,0]],"o":[[-3.057,0.858],[0,0],[0,0],[1.07,2.647]],"v":[[6.049,4.448],[-7.23,-0.881],[-7.915,-4.441],[6.661,-4.565]],"c":true},"ix":2},"nm":"Path 1","mn":"ADBE Vector Shape - Group","hd":false},{"ty":"fl","c":{"a":0,"k":[0,0,0,1],"ix":4},"o":{"a":0,"k":100,"ix":5},"r":1,"bm":0,"nm":"Fill 1","mn":"ADBE Vector Graphic - Fill","hd":false},{"ty":"tr","p":{"a":0,"k":[62.223,145.847],"ix":2},"a":{"a":0,"k":[0,0],"ix":1},"s":{"a":0,"k":[100,100],"ix":3},"r":{"a":0,"k":0,"ix":6},"o":{"a":0,"k":100,"ix":7},"sk":{"a":0,"k":0,"ix":4},"sa":{"a":0,"k":0,"ix":5},"nm":"Transform"}],"nm":"Group 48","np":4,"cix":2,"bm":0,"ix":48,"mn":"ADBE Vector Group","hd":false},{"ty":"gr","it":[{"ind":0,"ty":"sh","ix":1,"ks":{"a":0,"k":{"i":[[2.778,4.835],[1.105,3.703],[0,0],[-0.623,-3.236],[0.566,-2.29]],"o":[[-0.295,-2.226],[0,0],[1.238,4.684],[1.893,1.985],[-9.116,4.946]],"v":[[-9.352,1.8],[-10.827,-12.514],[0.741,-14.982],[5.235,3.117],[10.261,10.035]],"c":true},"ix":2},"nm":"Path 1","mn":"ADBE Vector Shape - Group","hd":false},{"ty":"fl","c":{"a":0,"k":[0.800000059838,0.529411764706,0.301960784314,1],"ix":4},"o":{"a":0,"k":100,"ix":5},"r":1,"bm":0,"nm":"Fill 1","mn":"ADBE Vector Graphic - Fill","hd":false},{"ty":"tr","p":{"a":0,"k":[64.799,152.582],"ix":2},"a":{"a":0,"k":[0,0],"ix":1},"s":{"a":0,"k":[100,100],"ix":3},"r":{"a":0,"k":0,"ix":6},"o":{"a":0,"k":100,"ix":7},"sk":{"a":0,"k":0,"ix":4},"sa":{"a":0,"k":0,"ix":5},"nm":"Transform"}],"nm":"Group 49","np":4,"cix":2,"bm":0,"ix":49,"mn":"ADBE Vector Group","hd":false},{"ty":"gr","it":[{"ind":0,"ty":"sh","ix":1,"ks":{"a":0,"k":{"i":[[7.403,4.447],[3.582,0.876],[0,0],[-0.524,-2.719],[-1.843,-15.269],[-5.265,3.422],[1.876,2.504]],"o":[[-1.758,-4.486],[0,0],[1.532,1.271],[14.437,19.23],[2.155,-0.136],[-2.633,-16.342],[-1.032,-1.377]],"v":[[-6.317,-43.563],[-20.008,-50.419],[-20.008,-41.936],[-14.404,-34.625],[8.689,50.419],[20.008,42.785],[3.333,-36.587]],"c":true},"ix":2},"nm":"Path 1","mn":"ADBE Vector Shape - Group","hd":false},{"ty":"fl","c":{"a":0,"k":[0.149019607843,0.196078446332,0.258823529412,1],"ix":4},"o":{"a":0,"k":100,"ix":5},"r":1,"bm":0,"nm":"Fill 1","mn":"ADBE Vector Graphic - Fill","hd":false},{"ty":"tr","p":{"a":0,"k":[89.395,198.639],"ix":2},"a":{"a":0,"k":[0,0],"ix":1},"s":{"a":0,"k":[100,100],"ix":3},"r":{"a":0,"k":0,"ix":6},"o":{"a":0,"k":100,"ix":7},"sk":{"a":0,"k":0,"ix":4},"sa":{"a":0,"k":0,"ix":5},"nm":"Transform"}],"nm":"Group 50","np":4,"cix":2,"bm":0,"ix":50,"mn":"ADBE Vector Group","hd":false},{"ty":"gr","it":[{"ind":0,"ty":"sh","ix":1,"ks":{"a":0,"k":{"i":[[-5.518,7.944],[-0.619,-0.888],[-1.171,-2.594],[2.895,-39.488],[8.949,7.372],[-0.08,2.197]],"o":[[4.414,-6.356],[0.239,1.241],[14.352,14.554],[-9.925,1.913],[-1.267,-8.315],[0.08,-2.197]],"v":[[-12.993,-44.403],[-4.221,-49.622],[-2.04,-42.659],[21.011,48.845],[-9.526,36.735],[-23.826,-30.111]],"c":true},"ix":2},"nm":"Path 1","mn":"ADBE Vector Shape - Group","hd":false},{"ty":"fl","c":{"a":0,"k":[0.149019607843,0.196078446332,0.258823529412,1],"ix":4},"o":{"a":0,"k":100,"ix":5},"r":1,"bm":0,"nm":"Fill 1","mn":"ADBE Vector Graphic - Fill","hd":false},{"ty":"tr","p":{"a":0,"k":[59.171,200.212],"ix":2},"a":{"a":0,"k":[0,0],"ix":1},"s":{"a":0,"k":[100,100],"ix":3},"r":{"a":0,"k":0,"ix":6},"o":{"a":0,"k":100,"ix":7},"sk":{"a":0,"k":0,"ix":4},"sa":{"a":0,"k":0,"ix":5},"nm":"Transform"}],"nm":"Group 51","np":4,"cix":2,"bm":0,"ix":51,"mn":"ADBE Vector Group","hd":false},{"ty":"gr","it":[{"ind":0,"ty":"sh","ix":1,"ks":{"a":0,"k":{"i":[[0,0],[0,0],[0,0],[0,0]],"o":[[0,0],[0,0],[0,0],[0,0]],"v":[[11.32,-11.583],[4.739,8.688],[-7.108,11.583],[-11.32,6.845]],"c":false},"ix":2},"nm":"Path 1","mn":"ADBE Vector Shape - Group","hd":false},{"ty":"st","c":{"a":0,"k":[0,0,0,1],"ix":3},"o":{"a":0,"k":100,"ix":4},"w":{"a":0,"k":2.239,"ix":5},"lc":1,"lj":1,"ml":4,"bm":0,"nm":"Stroke 1","mn":"ADBE Vector Graphic - Stroke","hd":false},{"ty":"tr","p":{"a":0,"k":[54.358,263.275],"ix":2},"a":{"a":0,"k":[0,0],"ix":1},"s":{"a":0,"k":[100,100],"ix":3},"r":{"a":0,"k":0,"ix":6},"o":{"a":0,"k":100,"ix":7},"sk":{"a":0,"k":0,"ix":4},"sa":{"a":0,"k":0,"ix":5},"nm":"Transform"}],"nm":"Group 52","np":2,"cix":2,"bm":0,"ix":52,"mn":"ADBE Vector Group","hd":false},{"ty":"gr","it":[{"ind":0,"ty":"sh","ix":1,"ks":{"a":0,"k":{"i":[[0,4.212],[0.089,15.356],[0,0],[0,0],[1.474,-4.212],[4.739,-21.411],[1.264,-1.474],[-2.632,-3.686],[-3.37,0.21],[0,3.159],[0,0],[-3.58,0.421],[0,-5.002],[0.263,-3.159],[0,0],[-5.265,0.631],[0.615,3.949],[0,0]],"o":[[2.107,-16.006],[0,0],[0,0],[-2.808,2.984],[1.053,4.212],[-1.58,1.404],[-1.264,1.474],[4.124,0.087],[4.212,-0.264],[0,0],[5.265,-19.744],[4.476,-0.526],[-2.106,1.474],[0,0],[2.985,-0.79],[5.265,-0.632],[0,0],[-0.789,-1.14]],"v":[[34.55,45.716],[36.919,-20.361],[34.55,-31.418],[-9.154,-29.312],[-19.421,-15.096],[-32.321,54.403],[-38.639,60.458],[-32.321,73.358],[-15.736,73.358],[-9.154,67.04],[-9.154,60.458],[11.116,0.699],[16.381,49.138],[12.959,60.458],[19.014,70.199],[34.55,67.04],[39.288,54.403],[36.919,54.403]],"c":true},"ix":2},"nm":"Path 1","mn":"ADBE Vector Shape - Group","hd":false},{"ty":"fl","c":{"a":0,"k":[0.207843152214,0.266666666667,0.333333333333,1],"ix":4},"o":{"a":0,"k":100,"ix":5},"r":1,"bm":0,"nm":"Fill 1","mn":"ADBE Vector Graphic - Fill","hd":false},{"ty":"tr","p":{"a":0,"k":[64.568,265.207],"ix":2},"a":{"a":0,"k":[0,0],"ix":1},"s":{"a":0,"k":[100,100],"ix":3},"r":{"a":0,"k":0,"ix":6},"o":{"a":0,"k":100,"ix":7},"sk":{"a":0,"k":0,"ix":4},"sa":{"a":0,"k":0,"ix":5},"nm":"Transform"}],"nm":"Group 53","np":4,"cix":2,"bm":0,"ix":53,"mn":"ADBE Vector Group","hd":false},{"ty":"gr","it":[{"ind":0,"ty":"sh","ix":1,"ks":{"a":0,"k":{"i":[[0,0],[0,0],[13.426,-2.632],[0,0]],"o":[[0,0],[0,0],[-13.426,2.633],[0,0]],"v":[[-29.488,-34.744],[-10.064,-43.681],[16.062,41.048],[-13.161,38.679]],"c":true},"ix":2},"nm":"Path 1","mn":"ADBE Vector Shape - Group","hd":false},{"ty":"fl","c":{"a":0,"k":[0.945098099054,0.941176530427,0.941176530427,1],"ix":4},"o":{"a":0,"k":100,"ix":5},"r":1,"bm":0,"nm":"Fill 1","mn":"ADBE Vector Graphic - Fill","hd":false},{"ty":"tr","p":{"a":0,"k":[83.608,194.846],"ix":2},"a":{"a":0,"k":[0,0],"ix":1},"s":{"a":0,"k":[100,100],"ix":3},"r":{"a":0,"k":0,"ix":6},"o":{"a":0,"k":100,"ix":7},"sk":{"a":0,"k":0,"ix":4},"sa":{"a":0,"k":0,"ix":5},"nm":"Transform"}],"nm":"Group 54","np":4,"cix":2,"bm":0,"ix":54,"mn":"ADBE Vector Group","hd":false}],"ip":0,"op":899.000036617021,"st":0,"bm":0},{"ddd":0,"ind":10,"ty":3,"nm":"Layer 1","sr":1,"ks":{"o":{"a":0,"k":100,"ix":11},"r":{"a":1,"k":[{"i":{"x":[0.833],"y":[0.833]},"o":{"x":[0.167],"y":[0.167]},"t":0,"s":[0]},{"i":{"x":[0.833],"y":[0.833]},"o":{"x":[0.167],"y":[0.167]},"t":32,"s":[-1]},{"t":68.0000027696968,"s":[0]}],"ix":10},"p":{"a":0,"k":[373.354,601.777,0],"ix":2},"a":{"a":0,"k":[70.864,170.862,0],"ix":1},"s":{"a":0,"k":[303,303,100],"ix":6}},"ao":0,"ip":0,"op":899.000036617021,"st":0,"bm":0},{"ddd":0,"ind":11,"ty":4,"nm":"Layer 4 Outlines","sr":1,"ks":{"o":{"a":0,"k":100,"ix":11},"r":{"a":1,"k":[{"i":{"x":[0.667],"y":[1]},"o":{"x":[0.333],"y":[0]},"t":0,"s":[0]},{"i":{"x":[0.667],"y":[1]},"o":{"x":[0.333],"y":[0]},"t":33,"s":[-13]},{"t":72.0000029326201,"s":[0]}],"ix":10},"p":{"a":1,"k":[{"i":{"x":0.667,"y":0.957},"o":{"x":0.333,"y":0.043},"t":0,"s":[555.007,600.226,0],"to":[1.3,0.65,0],"ti":[-0.318,-0.159,0]},{"i":{"x":0.667,"y":0.949},"o":{"x":0.333,"y":0.051},"t":34,"s":[515.007,600.226,0],"to":[1.3,0.65,0],"ti":[-0.318,-0.159,0]},{"t":74.0000030140818,"s":[555.007,600.226,0]}],"ix":2},"a":{"a":0,"k":[38.213,47.714,0],"ix":1},"s":{"a":0,"k":[303,303,100],"ix":6}},"ao":0,"shapes":[{"ty":"gr","it":[{"ind":0,"ty":"sh","ix":1,"ks":{"a":0,"k":{"i":[[0,0],[0,0],[0,0],[0,0]],"o":[[0,0],[0,0],[0,0],[0,0]],"v":[[110.031,52.862],[84.255,49.204],[83.28,71.563],[110.41,72.903]],"c":true},"ix":2},"nm":"Path 1","mn":"ADBE Vector Shape - Group","hd":false},{"ty":"st","c":{"a":0,"k":[0,0,0,1],"ix":3},"o":{"a":0,"k":100,"ix":4},"w":{"a":0,"k":0,"ix":5},"lc":1,"lj":1,"ml":4,"bm":0,"nm":"Stroke 1","mn":"ADBE Vector Graphic - Stroke","hd":false},{"ty":"fl","c":{"a":0,"k":[0.944557219861,0.723188452627,0.987675087125,1],"ix":4},"o":{"a":0,"k":100,"ix":5},"r":1,"bm":0,"nm":"Fill 1","mn":"ADBE Vector Graphic - Fill","hd":false},{"ty":"tr","p":{"a":0,"k":[-46.23,-4.558],"ix":2},"a":{"a":0,"k":[0,0],"ix":1},"s":{"a":0,"k":[103.03,108.405],"ix":3},"r":{"a":0,"k":0,"ix":6},"o":{"a":0,"k":100,"ix":7},"sk":{"a":0,"k":0,"ix":4},"sa":{"a":0,"k":0,"ix":5},"nm":"Transform"}],"nm":"Shape 1","np":3,"cix":2,"bm":0,"ix":1,"mn":"ADBE Vector Group","hd":false},{"ty":"gr","it":[{"ind":0,"ty":"sh","ix":1,"ks":{"a":0,"k":{"i":[[0.352,-0.856],[0,0],[-0.806,-0.368],[0,0],[0.241,-0.789],[0,0],[-0.554,-0.416],[0,0],[-0.339,1.085],[0,0],[0.766,0.339],[0,0]],"o":[[0,0],[-0.337,0.819],[0,0],[0.752,0.342],[0,0],[-0.203,0.663],[0,0],[0.909,0.682],[0,0],[0.25,-0.799],[0,0],[-0.846,-0.374]],"v":[[-7.097,-32.7],[-7.291,-32.23],[-6.451,-30.105],[4.784,-24.983],[5.676,-23.005],[-10.849,31.095],[-10.263,32.892],[-9.757,33.271],[-7.199,32.446],[10.802,-25.039],[9.896,-27.037],[-4.91,-33.579]],"c":true},"ix":2},"nm":"Path 1","mn":"ADBE Vector Shape - Group","hd":false},{"ty":"st","c":{"a":0,"k":[0,0,0,1],"ix":3},"o":{"a":0,"k":100,"ix":4},"w":{"a":0,"k":1.646,"ix":5},"lc":1,"lj":1,"ml":4,"bm":0,"nm":"Stroke 1","mn":"ADBE Vector Graphic - Stroke","hd":false},{"ty":"tr","p":{"a":0,"k":[51.6,35.599],"ix":2},"a":{"a":0,"k":[0,0],"ix":1},"s":{"a":0,"k":[100,100],"ix":3},"r":{"a":0,"k":0,"ix":6},"o":{"a":0,"k":100,"ix":7},"sk":{"a":0,"k":0,"ix":4},"sa":{"a":0,"k":0,"ix":5},"nm":"Transform"}],"nm":"Group 1","np":2,"cix":2,"bm":0,"ix":2,"mn":"ADBE Vector Group","hd":false},{"ty":"gr","it":[{"ind":0,"ty":"sh","ix":1,"ks":{"a":0,"k":{"i":[[0.352,-0.856],[0,0],[-0.806,-0.368],[0,0],[0.241,-0.789],[0,0],[-0.554,-0.416],[0,0],[-0.339,1.085],[0,0],[0.766,0.339],[0,0]],"o":[[0,0],[-0.337,0.819],[0,0],[0.752,0.342],[0,0],[-0.203,0.663],[0,0],[0.909,0.682],[0,0],[0.25,-0.799],[0,0],[-0.846,-0.374]],"v":[[-7.097,-32.7],[-7.291,-32.23],[-6.451,-30.105],[4.784,-24.983],[5.676,-23.005],[-10.849,31.095],[-10.263,32.892],[-9.757,33.271],[-7.199,32.446],[10.802,-25.039],[9.896,-27.037],[-4.91,-33.579]],"c":true},"ix":2},"nm":"Path 1","mn":"ADBE Vector Shape - Group","hd":false},{"ty":"fl","c":{"a":0,"k":[1,1,1,1],"ix":4},"o":{"a":0,"k":100,"ix":5},"r":1,"bm":0,"nm":"Fill 1","mn":"ADBE Vector Graphic - Fill","hd":false},{"ty":"tr","p":{"a":0,"k":[51.6,35.599],"ix":2},"a":{"a":0,"k":[0,0],"ix":1},"s":{"a":0,"k":[100,100],"ix":3},"r":{"a":0,"k":0,"ix":6},"o":{"a":0,"k":100,"ix":7},"sk":{"a":0,"k":0,"ix":4},"sa":{"a":0,"k":0,"ix":5},"nm":"Transform"}],"nm":"Group 2","np":4,"cix":2,"bm":0,"ix":3,"mn":"ADBE Vector Group","hd":false},{"ty":"gr","it":[{"ind":0,"ty":"sh","ix":1,"ks":{"a":0,"k":{"i":[[0,0],[-24.198,-2.634]],"o":[[-1.509,1.303],[0,0]],"v":[[-11.327,-2.881],[12.837,2.881]],"c":false},"ix":2},"nm":"Path 1","mn":"ADBE Vector Shape - Group","hd":false},{"ty":"st","c":{"a":0,"k":[0,0,0,1],"ix":3},"o":{"a":0,"k":100,"ix":4},"w":{"a":0,"k":2.058,"ix":5},"lc":1,"lj":1,"ml":4,"bm":0,"nm":"Stroke 1","mn":"ADBE Vector Graphic - Stroke","hd":false},{"ty":"tr","p":{"a":0,"k":[52.885,49.692],"ix":2},"a":{"a":0,"k":[0,0],"ix":1},"s":{"a":0,"k":[100,100],"ix":3},"r":{"a":0,"k":0,"ix":6},"o":{"a":0,"k":100,"ix":7},"sk":{"a":0,"k":0,"ix":4},"sa":{"a":0,"k":0,"ix":5},"nm":"Transform"}],"nm":"Group 3","np":2,"cix":2,"bm":0,"ix":4,"mn":"ADBE Vector Group","hd":false},{"ty":"gr","it":[{"ind":0,"ty":"sh","ix":1,"ks":{"a":0,"k":{"i":[[-1.474,-0.104],[0,0],[0.105,-1.474],[0,0],[1.474,0.105],[0,0],[-0.104,1.473],[0,0],[0,0]],"o":[[0,0],[1.474,0.105],[0,0],[-0.105,1.474],[0,0],[-1.474,-0.104],[0,0],[0,0],[0.105,-1.473]],"v":[[-10.35,-28.582],[14.28,-26.835],[16.758,-23.977],[13.207,26.102],[10.349,28.581],[-14.281,26.834],[-16.76,23.977],[-15.386,4.607],[-13.208,-26.103]],"c":true},"ix":2},"nm":"Path 1","mn":"ADBE Vector Shape - Group","hd":false},{"ty":"st","c":{"a":0,"k":[0,0,0,1],"ix":3},"o":{"a":0,"k":100,"ix":4},"w":{"a":0,"k":2.881,"ix":5},"lc":1,"lj":1,"ml":4,"bm":0,"nm":"Stroke 1","mn":"ADBE Vector Graphic - Stroke","hd":false},{"ty":"tr","p":{"a":0,"k":[54.38,46.646],"ix":2},"a":{"a":0,"k":[0,0],"ix":1},"s":{"a":0,"k":[100,100],"ix":3},"r":{"a":0,"k":0,"ix":6},"o":{"a":0,"k":100,"ix":7},"sk":{"a":0,"k":0,"ix":4},"sa":{"a":0,"k":0,"ix":5},"nm":"Transform"}],"nm":"Group 4","np":2,"cix":2,"bm":0,"ix":5,"mn":"ADBE Vector Group","hd":false},{"ty":"gr","it":[{"ind":0,"ty":"sh","ix":1,"ks":{"a":0,"k":{"i":[[0,0],[0,0],[0,0],[0,0]],"o":[[0,0],[0,0],[0,0],[0,0]],"v":[[-16.127,-15.589],[-16.785,15.638],[16.785,15.638],[16.785,-15.638]],"c":true},"ix":2},"nm":"Path 1","mn":"ADBE Vector Shape - Group","hd":false},{"ty":"gr","it":[{"ind":0,"ty":"sh","ix":1,"ks":{"a":0,"k":{"i":[[0,0],[0,0],[0,0],[0,0]],"o":[[0,0],[0,0],[0,0],[0,0]],"v":[[-186.977,111.676],[63.023,111.676],[63.023,-194.324],[-186.977,-194.324]],"c":true},"ix":2},"nm":"Path 1","mn":"ADBE Vector Shape - Group","hd":false},{"ind":1,"ty":"sh","ix":2,"ks":{"a":0,"k":{"i":[[0,0],[0,0],[3.293,3.498],[0,0]],"o":[[0,0],[0,0],[-3.292,-3.498],[0,0]],"v":[[-16.785,13.992],[12.433,15.638],[13.493,-8.848],[-14.521,-15.638]],"c":true},"ix":2},"nm":"Path 2","mn":"ADBE Vector Shape - Group","hd":false},{"ty":"tr","p":{"a":0,"k":[0,0],"ix":2},"a":{"a":0,"k":[0,0],"ix":1},"s":{"a":0,"k":[100,100],"ix":3},"r":{"a":0,"k":0,"ix":6},"o":{"a":0,"k":100,"ix":7},"sk":{"a":0,"k":0,"ix":4},"sa":{"a":0,"k":0,"ix":5},"nm":"Transform"}],"nm":"Group 1","np":2,"cix":2,"bm":0,"ix":2,"mn":"ADBE Vector Group","hd":false},{"ty":"mm","mm":4,"nm":"Merge Paths 1","mn":"ADBE Vector Filter - Merge","hd":false},{"ty":"fl","c":{"a":0,"k":[0.828571379185,0.476718693972,0.781854748726,1],"ix":4},"o":{"a":0,"k":0,"ix":5},"r":1,"bm":0,"nm":"Fill 1","mn":"ADBE Vector Graphic - Fill","hd":false},{"ty":"tr","p":{"a":0,"k":[54.694,59.568],"ix":2},"a":{"a":0,"k":[0,0],"ix":1},"s":{"a":0,"k":[100,100],"ix":3},"r":{"a":0,"k":0,"ix":6},"o":{"a":0,"k":100,"ix":7},"sk":{"a":0,"k":0,"ix":4},"sa":{"a":0,"k":0,"ix":5},"nm":"Transform"}],"nm":"Group 5","np":4,"cix":2,"bm":0,"ix":6,"mn":"ADBE Vector Group","hd":false},{"ty":"gr","it":[{"ind":0,"ty":"sh","ix":1,"ks":{"a":0,"k":{"i":[[-2.494,-0.177],[0,0],[0.176,-2.493],[0,0],[2.494,0.177],[0,0],[-0.177,2.494],[0,0]],"o":[[0,0],[2.494,0.177],[0,0],[-0.176,2.494],[0,0],[-2.493,-0.176],[0,0],[0.177,-2.494]],"v":[[-9.837,-29.989],[13.972,-28.3],[18.168,-23.465],[14.673,25.794],[9.838,29.989],[-13.972,28.3],[-18.167,23.465],[-14.673,-25.794]],"c":true},"ix":2},"nm":"Path 1","mn":"ADBE Vector Shape - Group","hd":false},{"ty":"st","c":{"a":0,"k":[0,0,0,1],"ix":3},"o":{"a":0,"k":100,"ix":4},"w":{"a":0,"k":1,"ix":5},"lc":1,"lj":1,"ml":4,"bm":0,"nm":"Stroke 1","mn":"ADBE Vector Graphic - Stroke","hd":false},{"ty":"tr","p":{"a":0,"k":[54.367,46.81],"ix":2},"a":{"a":0,"k":[0,0],"ix":1},"s":{"a":0,"k":[100,100],"ix":3},"r":{"a":0,"k":0,"ix":6},"o":{"a":0,"k":100,"ix":7},"sk":{"a":0,"k":0,"ix":4},"sa":{"a":0,"k":0,"ix":5},"nm":"Transform"}],"nm":"Group 6","np":2,"cix":2,"bm":0,"ix":7,"mn":"ADBE Vector Group","hd":false},{"ty":"gr","it":[{"ind":0,"ty":"sh","ix":1,"ks":{"a":0,"k":{"i":[[-2.494,-0.177],[0,0],[0.176,-2.493],[0,0],[2.494,0.177],[0,0],[-0.177,2.494],[0,0]],"o":[[0,0],[2.494,0.177],[0,0],[-0.176,2.494],[0,0],[-2.493,-0.176],[0,0],[0.177,-2.494]],"v":[[-9.837,-29.989],[13.972,-28.3],[18.168,-23.465],[14.673,25.794],[9.838,29.989],[-13.972,28.3],[-18.167,23.465],[-14.673,-25.794]],"c":true},"ix":2},"nm":"Path 1","mn":"ADBE Vector Shape - Group","hd":false},{"ty":"fl","c":{"a":0,"k":[0.90588241278,0.960784373564,0.992156922583,1],"ix":4},"o":{"a":0,"k":100,"ix":5},"r":1,"bm":0,"nm":"Fill 1","mn":"ADBE Vector Graphic - Fill","hd":false},{"ty":"tr","p":{"a":0,"k":[54.367,46.81],"ix":2},"a":{"a":0,"k":[0,0],"ix":1},"s":{"a":0,"k":[100,100],"ix":3},"r":{"a":0,"k":0,"ix":6},"o":{"a":0,"k":100,"ix":7},"sk":{"a":0,"k":0,"ix":4},"sa":{"a":0,"k":0,"ix":5},"nm":"Transform"}],"nm":"Group 7","np":4,"cix":2,"bm":0,"ix":8,"mn":"ADBE Vector Group","hd":false},{"ty":"gr","it":[{"ind":0,"ty":"sh","ix":1,"ks":{"a":0,"k":{"i":[[0,0],[1.824,-1.464],[1.881,-0.279],[0,0],[-1.895,1.522],[-0.587,1.113]],"o":[[-0.444,0.842],[-1.82,1.462],[0,0],[2.286,-0.339],[1.892,-1.519],[0,0]],"v":[[4.405,-4.219],[0.764,-0.333],[-5.057,2.631],[-4.83,4.157],[1.73,0.87],[5.77,-3.499]],"c":true},"ix":2},"nm":"Path 1","mn":"ADBE Vector Shape - Group","hd":false},{"ind":1,"ty":"sh","ix":2,"ks":{"a":0,"k":{"i":[[0,0],[-0.063,-0.422],[-0.421,0.062]],"o":[[-0.422,0.062],[0.062,0.421],[0,0]],"v":[[-5.057,2.631],[-5.706,3.507],[-4.83,4.157]],"c":true},"ix":2},"nm":"Path 2","mn":"ADBE Vector Shape - Group","hd":false},{"ty":"mm","mm":1,"nm":"Merge Paths 1","mn":"ADBE Vector Filter - Merge","hd":false},{"ty":"fl","c":{"a":0,"k":[0,0,0,1],"ix":4},"o":{"a":0,"k":100,"ix":5},"r":1,"bm":0,"nm":"Fill 1","mn":"ADBE Vector Graphic - Fill","hd":false},{"ty":"tr","p":{"a":0,"k":[65.484,51.409],"ix":2},"a":{"a":0,"k":[0,0],"ix":1},"s":{"a":0,"k":[100,100],"ix":3},"r":{"a":0,"k":0,"ix":6},"o":{"a":0,"k":100,"ix":7},"sk":{"a":0,"k":0,"ix":4},"sa":{"a":0,"k":0,"ix":5},"nm":"Transform"}],"nm":"Group 8","np":6,"cix":2,"bm":0,"ix":9,"mn":"ADBE Vector Group","hd":false},{"ty":"gr","it":[{"ind":0,"ty":"sh","ix":1,"ks":{"a":0,"k":{"i":[[0,0],[1.447,-1.41],[1.758,-0.203],[0,0],[-1.554,1.514],[-0.508,1.101]],"o":[[-0.418,0.906],[-1.455,1.418],[0,0],[2.255,-0.26],[1.562,-1.522],[0,0]],"v":[[3.601,-4.118],[0.676,-0.219],[-4.275,2.538],[-4.098,4.07],[1.753,0.885],[5.001,-3.471]],"c":true},"ix":2},"nm":"Path 1","mn":"ADBE Vector Shape - Group","hd":false},{"ind":1,"ty":"sh","ix":2,"ks":{"a":0,"k":{"i":[[0,0],[-0.048,-0.424],[-0.423,0.048]],"o":[[-0.423,0.049],[0.049,0.423],[0,0]],"v":[[-4.275,2.538],[-4.953,3.393],[-4.098,4.07]],"c":true},"ix":2},"nm":"Path 2","mn":"ADBE Vector Shape - Group","hd":false},{"ty":"mm","mm":1,"nm":"Merge Paths 1","mn":"ADBE Vector Filter - Merge","hd":false},{"ty":"fl","c":{"a":0,"k":[0,0,0,1],"ix":4},"o":{"a":0,"k":100,"ix":5},"r":1,"bm":0,"nm":"Fill 1","mn":"ADBE Vector Graphic - Fill","hd":false},{"ty":"tr","p":{"a":0,"k":[63.49,45.944],"ix":2},"a":{"a":0,"k":[0,0],"ix":1},"s":{"a":0,"k":[100,100],"ix":3},"r":{"a":0,"k":0,"ix":6},"o":{"a":0,"k":100,"ix":7},"sk":{"a":0,"k":0,"ix":4},"sa":{"a":0,"k":0,"ix":5},"nm":"Transform"}],"nm":"Group 9","np":6,"cix":2,"bm":0,"ix":10,"mn":"ADBE Vector Group","hd":false},{"ty":"gr","it":[{"ind":0,"ty":"sh","ix":1,"ks":{"a":0,"k":{"i":[[0,0],[-4.012,-5.093]],"o":[[2.212,-0.463],[0,0]],"v":[[-6.249,-1.465],[6.249,2.546]],"c":false},"ix":2},"nm":"Path 1","mn":"ADBE Vector Shape - Group","hd":false},{"ty":"st","c":{"a":0,"k":[0,0,0,1],"ix":3},"o":{"a":0,"k":100,"ix":4},"w":{"a":0,"k":1.543,"ix":5},"lc":2,"lj":1,"ml":4,"bm":0,"nm":"Stroke 1","mn":"ADBE Vector Graphic - Stroke","hd":false},{"ty":"tr","p":{"a":0,"k":[45.186,50.559],"ix":2},"a":{"a":0,"k":[0,0],"ix":1},"s":{"a":0,"k":[100,100],"ix":3},"r":{"a":0,"k":0,"ix":6},"o":{"a":0,"k":100,"ix":7},"sk":{"a":0,"k":0,"ix":4},"sa":{"a":0,"k":0,"ix":5},"nm":"Transform"}],"nm":"Group 10","np":2,"cix":2,"bm":0,"ix":11,"mn":"ADBE Vector Group","hd":false},{"ty":"gr","it":[{"ind":0,"ty":"sh","ix":1,"ks":{"a":0,"k":{"i":[[-0.771,-2.572],[0,0],[0.566,-0.669],[1.851,-1.975],[-8.024,-4.475],[-1.904,2.006],[-1.482,1.481],[1.234,1.132],[0,0],[-0.142,-0.209],[-7.678,-0.108],[-0.309,2.469],[0.926,0.206],[0,0.74],[1.081,-0.052],[1.605,0.864],[3.395,-3.55],[4.215,1.216],[-0.407,0.087],[1.76,0.922],[1.967,-1.967],[9.104,-1.543]],"o":[[0,0],[-2.592,-2.469],[-5.247,6.635],[-2.315,2.469],[6.419,3.58],[4.835,-5.556],[1.481,-1.481],[0,0],[0.16,-0.195],[0.914,1.344],[10.956,0.155],[0.247,-1.975],[0.36,-0.566],[-0.123,-3.21],[0.103,-0.412],[-2.006,-1.08],[-2.817,2.944],[-0.4,-0.115],[7.664,-1.64],[-0.797,-0.418],[-2.14,2.141],[-7.284,1.235]],"v":[[-5.139,-14.929],[-7.608,-11.38],[-12.546,-12.46],[-30.6,9.915],[-27.514,26.427],[-13.78,24.884],[2.577,6.366],[0.725,1.119],[2.963,-1.61],[3.606,-1.533],[15.385,1.582],[35.291,-11.38],[32.822,-14.466],[33.902,-17.089],[30.507,-20.947],[28.81,-23.262],[22.792,-19.558],[11.426,-19.339],[11.489,-20.345],[17.082,-29.589],[13.316,-27.145],[1.651,-24.188]],"c":true},"ix":2},"nm":"Path 1","mn":"ADBE Vector Shape - Group","hd":false},{"ty":"st","c":{"a":0,"k":[0,0,0,1],"ix":3},"o":{"a":0,"k":100,"ix":4},"w":{"a":0,"k":2.675,"ix":5},"lc":1,"lj":1,"ml":4,"bm":0,"nm":"Stroke 1","mn":"ADBE Vector Graphic - Stroke","hd":false},{"ty":"tr","p":{"a":0,"k":[38.213,62.746],"ix":2},"a":{"a":0,"k":[0,0],"ix":1},"s":{"a":0,"k":[100,100],"ix":3},"r":{"a":0,"k":0,"ix":6},"o":{"a":0,"k":100,"ix":7},"sk":{"a":0,"k":0,"ix":4},"sa":{"a":0,"k":0,"ix":5},"nm":"Transform"}],"nm":"Group 11","np":2,"cix":2,"bm":0,"ix":12,"mn":"ADBE Vector Group","hd":false},{"ty":"gr","it":[{"ind":0,"ty":"sh","ix":1,"ks":{"a":0,"k":{"i":[[-0.926,-2.366],[0,0],[-3.21,-0.891],[0,0],[-2.345,-1.605],[-3.858,4.166],[1.698,1.544],[2.315,0.463],[1.132,-0.978],[3.086,0.371],[2.469,0.463],[0,0],[0.771,2.931],[2.16,-2.469],[8.951,-2.161]],"o":[[0,0],[0.356,5.529],[0,0],[0.155,0.257],[13.734,5.092],[3.858,-4.167],[2.006,-3.086],[-1.481,-3.457],[-1.08,1.749],[-3.441,-0.804],[0,0],[6.79,0],[-0.595,-2.259],[-2.161,2.469],[-7.16,1.728]],"v":[[-19.542,0.919],[-22.752,5.734],[-15.797,15.008],[-11.044,10.157],[-7.649,12.935],[18.894,5.527],[18.894,-2.035],[16.424,-8.361],[11.178,-9.75],[4.079,-4.967],[-2.139,-6.389],[-3.637,-6.702],[3.309,-15.768],[-1.013,-13.917],[-13.05,-11.293]],"c":true},"ix":2},"nm":"Path 1","mn":"ADBE Vector Shape - Group","hd":false},{"ty":"fl","c":{"a":0,"k":[0.784313785329,0.537254901961,0.329411764706,1],"ix":4},"o":{"a":0,"k":100,"ix":5},"r":1,"bm":0,"nm":"Fill 1","mn":"ADBE Vector Graphic - Fill","hd":false},{"ty":"tr","p":{"a":0,"k":[51.989,49.843],"ix":2},"a":{"a":0,"k":[0,0],"ix":1},"s":{"a":0,"k":[100,100],"ix":3},"r":{"a":0,"k":0,"ix":6},"o":{"a":0,"k":100,"ix":7},"sk":{"a":0,"k":0,"ix":4},"sa":{"a":0,"k":0,"ix":5},"nm":"Transform"}],"nm":"Group 12","np":4,"cix":2,"bm":0,"ix":13,"mn":"ADBE Vector Group","hd":false},{"ty":"gr","it":[{"ind":0,"ty":"sh","ix":1,"ks":{"a":0,"k":{"i":[[0.72,-0.103],[0,0],[-4.186,-4.063],[-4.21,4.784],[-0.337,0.506],[1.698,-0.772],[0,5.751],[1.08,2.16]],"o":[[0,0],[-3.655,4.546],[4.573,4.438],[7.03,-7.988],[0.617,-0.926],[-5.092,4.629],[0,-3.732],[-0.865,-1.729]],"v":[[3.233,-21.106],[-15.009,1.581],[-14.072,16.771],[2.019,16.182],[18.047,-2.28],[16.658,-3.935],[3.849,-17.248],[7.863,-19.408]],"c":true},"ix":2},"nm":"Path 1","mn":"ADBE Vector Shape - Group","hd":false},{"ty":"fl","c":{"a":0,"k":[0.149019607843,0.196078446332,0.254901960784,1],"ix":4},"o":{"a":0,"k":100,"ix":5},"r":1,"bm":0,"nm":"Fill 1","mn":"ADBE Vector Graphic - Fill","hd":false},{"ty":"tr","p":{"a":0,"k":[22.585,70.774],"ix":2},"a":{"a":0,"k":[0,0],"ix":1},"s":{"a":0,"k":[100,100],"ix":3},"r":{"a":0,"k":0,"ix":6},"o":{"a":0,"k":100,"ix":7},"sk":{"a":0,"k":0,"ix":4},"sa":{"a":0,"k":0,"ix":5},"nm":"Transform"}],"nm":"Group 13","np":4,"cix":2,"bm":0,"ix":14,"mn":"ADBE Vector Group","hd":false},{"ty":"gr","it":[{"ind":0,"ty":"sh","ix":1,"ks":{"a":0,"k":{"i":[[0.611,0.262],[0,0],[-3.976,1.101],[1.223,1.625],[1.468,3.145]],"o":[[0,0],[-6.27,12.581],[1.437,-0.398],[-1.937,-1.939],[-1.468,-3.145]],"v":[[-4.159,-10.065],[-4.159,-10.065],[8.992,8.964],[7.157,3.774],[-0.489,-5.976]],"c":true},"ix":2},"nm":"Path 1","mn":"ADBE Vector Shape - Group","hd":false},{"ty":"fl","c":{"a":0,"k":[0,0,0,1],"ix":4},"o":{"a":0,"k":100,"ix":5},"r":1,"bm":0,"nm":"Fill 1","mn":"ADBE Vector Graphic - Fill","hd":false},{"ty":"tr","p":{"a":0,"k":[31.458,59.929],"ix":2},"a":{"a":0,"k":[0,0],"ix":1},"s":{"a":0,"k":[100,100],"ix":3},"r":{"a":0,"k":0,"ix":6},"o":{"a":0,"k":100,"ix":7},"sk":{"a":0,"k":0,"ix":4},"sa":{"a":0,"k":0,"ix":5},"nm":"Transform"}],"nm":"Group 14","np":4,"cix":2,"bm":0,"ix":15,"mn":"ADBE Vector Group","hd":false}],"ip":0,"op":899.000036617021,"st":0,"bm":0}],"markers":[]}